{
	"levels": [
		{
			"board": "r1b2rk1/ppNp1pp1/5n1p/2b1p1N1/1n2P2B/2QP4/qPPK1PPP/3R1B1R",
			"color": "w",
			"castling": "-",
			"enPassant": "-",
			"halfmove": 4,
			"fullmove": 14,
			"moves": "Qxc5 Na6 Nxa6 Qxa6 Nf3 d6 Qa3",
			"moveCounter": 4,
			"level": 1
		},
		{
			"board": "rnb2rk1/2q3b1/4p1p1/pp1pNn1p/2pP2QP/2P3N1/PPB2PP1/R1B1R1K1",
			"color": "w",
			"castling": "-",
			"enPassant": "-",
			"halfmove": 0,
			"fullmove": 18,
			"moves": "Qxg6 Rf6 Qxh5 Nd7 Bg5 Nf8 Bxf6",
			"moveCounter": 4,
			"level": 2
		},
		{
			"board": "rnbq2k1/pp3ppp/3b1n2/2pP2B1/4r3/1N3Q2/PPPK1PPP/RN3B1R",
			"color": "b",
			"castling": "-",
			"enPassant": "-",
			"halfmove": 1,
			"fullmove": 10,
			"moves": "Bg4 Qc3 h6 Kc1 Be5 Qd2 hxg5",
			"moveCounter": 4,
			"level": 3
		},
		{
			"board": "3r1rk1/pp3ppp/1qn1p3/1Nb2b2/2PP2n1/P4NP1/1P2BP1P/R1BQ1RK1",
			"color": "w",
			"castling": "-",
			"enPassant": "-",
			"halfmove": 3,
			"fullmove": 14,
			"moves": "dxc5 Qxc5 b4 Qe7 Qb3 a6 Nc3",
			"moveCounter": 4,
			"level": 4
		},
		{
			"board": "r4rk1/p4ppp/2p1pn2/q2pN3/1bbPn3/2N1P3/PBQ1BPPP/2R2RK1",
			"color": "w",
			"castling": "-",
			"enPassant": "-",
			"halfmove": 0,
			"fullmove": 15,
			"moves": "Nxc4 dxc4 Nxe4 Nxe4 Qxe4 c3 Ba1",
			"moveCounter": 4,
			"level": 5
		},
		{
			"board": "r4rk1/pp2bppp/5n2/q1pNp3/3n4/1P1P1Q1P/PBP2PP1/1K1R1B1R",
			"color": "w",
			"castling": "-",
			"enPassant": "-",
			"halfmove": 6,
			"fullmove": 13,
			"moves": "Nxe7+ Kh8 Qxb7 Rab8 Nc6 Qxa2+ Kxa2",
			"moveCounter": 4,
			"level": 6
		},
		{
			"board": "3r1rk1/1b2bppp/p1n1p3/qpn1P3/3P1B2/PN1Q1N2/4BPPP/R4RK1",
			"color": "b",
			"castling": "-",
			"enPassant": "-",
			"halfmove": 7,
			"fullmove": 17,
			"moves": "Nxd3 Nxa5 Nxf4 Nxb7 Nxe2+ Kh1 Rd5",
			"moveCounter": 4,
			"level": 7
		},
		{
			"board": "2kr3r/pp1nqbpp/4p3/1NppP3/1b3Q2/3B2N1/PPP2PPP/2KR3R",
			"color": "w",
			"castling": "-",
			"enPassant": "-",
			"halfmove": 2,
			"fullmove": 16,
			"moves": "Nd6+ Kb8 Qxf7 Rhe8 a3 Ba5 f4",
			"moveCounter": 4,
			"level": 8
		},
		{
			"board": "r2q1r1k/pp2b1p1/2ppbn1p/4p1N1/2P1P3/3PB2P/PP1QNP2/2K3RR",
			"color": "w",
			"castling": "-",
			"enPassant": "-",
			"halfmove": 0,
			"fullmove": 17,
			"moves": "Nxe6 Qd7 Bxh6 Ng8 Bxg7+ Kh7 Nxf8+",
			"moveCounter": 4,
			"level": 9
		},
		{
			"board": "r1b2rk1/1p3pb1/p2p2np/q2Pn1p1/4P3/1RN2P2/P1B1NBPP/3Q1RK1",
			"color": "w",
			"castling": "-",
			"enPassant": "-",
			"halfmove": 3,
			"fullmove": 19,
			"moves": "Bb6 Qxb6+ Rxb6 Nc4 Na4 Ne3 Qb1",
			"moveCounter": 4,
			"level": 10
		},
		{
			"board": "rn1q1rk1/pp1nbpp1/2p4p/4P1N1/2P3b1/2NBB3/PPQ3PP/R4RK1",
			"color": "w",
			"castling": "-",
			"enPassant": "-",
			"halfmove": 1,
			"fullmove": 16,
			"moves": "Bh7+ Kh8 Bg8 g6 Nxf7+ Rxf7 Bxf7",
			"moveCounter": 4,
			"level": 11
		},
		{
			"board": "r1b2rk1/1pp2ppp/pb1p4/1P6/2BNPn1q/P4P2/1BP2P1P/R2Q2RK",
			"color": "w",
			"castling": "-",
			"enPassant": "-",
			"halfmove": 4,
			"fullmove": 16,
			"moves": "Nf5 Qf6 Bxf6 Ng6 Ne7+ Kh8 Qc1",
			"moveCounter": 4,
			"level": 12
		},
		{
			"board": "r1bq1k1r/ppppbBp1/2n4p/4p1NQ/8/2P5/PPP2PPP/R1B2RK1",
			"color": "w",
			"castling": "-",
			"enPassant": "-",
			"halfmove": 2,
			"fullmove": 10,
			"moves": "Bb3 Qe8 Nh7+ Rxh7 Qf5+ Bf6 Qxh7",
			"moveCounter": 4,
			"level": 13
		},
		{
			"board": "r2q1rk1/ppp2pp1/4n1bp/4p3/2Bn2PP/P1NPPN2/1PPQ4/2KR2R1",
			"color": "w",
			"castling": "-",
			"enPassant": "-",
			"halfmove": 1,
			"fullmove": 16,
			"moves": "Nxe5 b5 Ba2 b4 axb4 Qd6 exd4",
			"moveCounter": 4,
			"level": 14
		},
		{
			"board": "r1bq1rk1/1p2bppp/p1n1p3/3n4/3NNP2/2P1B3/PPQ1B1PP/R4RK1",
			"color": "b",
			"castling": "-",
			"enPassant": "-",
			"halfmove": 0,
			"fullmove": 12,
			"moves": "Nxe3 Nxc6 bxc6 Qd2 Nxf1 Qxd8 Rxd8",
			"moveCounter": 4,
			"level": 15
		},
		{
			"board": "5rk1/1ppqb2p/p1npb1p1/4p3/4PrN1/P1P2N1P/1PBQ1PP1/R4RK1",
			"color": "b",
			"castling": "-",
			"enPassant": "-",
			"halfmove": 3,
			"fullmove": 17,
			"moves": "Bxg4 hxg4 Rxf3 Bd1 R3f4 g3 Rxg4",
			"moveCounter": 4,
			"level": 16
		},
		{
			"board": "r1bq1rk1/3p1ppp/pp2pn2/2b3B1/P1B1P3/2N5/1PPQ1PPP/R4RK1",
			"color": "w",
			"castling": "-",
			"enPassant": "-",
			"halfmove": 4,
			"fullmove": 12,
			"moves": "e5 d5 exf6 gxf6 Bh4 Kg7 Bd3",
			"moveCounter": 4,
			"level": 17
		},
		{
			"board": "r1bq1rk1/p2pbppp/1p6/2p1P1Bn/8/2N1Q3/PPP2PPP/2KR1B1R",
			"color": "w",
			"castling": "-",
			"enPassant": "-",
			"halfmove": 1,
			"fullmove": 11,
			"moves": "Bxe7 Qxe7 Be2 Bb7 Bxh5 Bxg2 Rhg1",
			"moveCounter": 4,
			"level": 18
		},
		{
			"board": "2kr1br1/pp3p1p/2p2p2/q1n1p2b/3P4/2P2NBP/PP2BPP1/R2QR1K1",
			"color": "w",
			"castling": "-",
			"enPassant": "-",
			"halfmove": 2,
			"fullmove": 14,
			"moves": "b4 Qa3 bxc5 Rxg3 fxg3 Bxf3 Bxf3",
			"moveCounter": 4,
			"level": 19
		},
		{
			"board": "r1b2rk1/1pqn2pp/p1pb4/3PNp2/P3pB2/2Q1P3/1P2BPPP/3R1K1R",
			"color": "w",
			"castling": "-",
			"enPassant": "-",
			"halfmove": 1,
			"fullmove": 17,
			"moves": "Nxd7 Bxf4 Bc4 Kh8 Nxf8 Be5 Qd2",
			"moveCounter": 4,
			"level": 20
		},
		{
			"board": "rn3rk1/3pqppp/b1p1pn2/p3N3/N3P3/RP1B3P/2PP1PP1/3Q1RK1",
			"color": "b",
			"castling": "-",
			"enPassant": "-",
			"halfmove": 6,
			"fullmove": 13,
			"moves": "Qxa3 Nb6 Ra7 Nec4 Qe7 e5 Nd5",
			"moveCounter": 4,
			"level": 21
		},
		{
			"board": "r1b2rk1/pp3pbp/1q1p1np1/4p1B1/2P5/1P1QPN1P/P4PP1/RN3RK1",
			"color": "b",
			"castling": "-",
			"enPassant": "-",
			"halfmove": 1,
			"fullmove": 15,
			"moves": "e4 Qd4 Qd8 Nh2 h6 Bxh6 Bxh6",
			"moveCounter": 4,
			"level": 22
		},
		{
			"board": "2kr3r/pppqb1p1/3p1n2/4p1Bp/2B1P1b1/3P3P/PPP2QP1/RN3RK1",
			"color": "w",
			"castling": "-",
			"enPassant": "-",
			"halfmove": 1,
			"fullmove": 13,
			"moves": "Qxa7 c6 hxg4 b5 Qxd7+ Kxd7 Bb3",
			"moveCounter": 4,
			"level": 23
		},
		{
			"board": "r3r1k1/1p1q1pp1/p2bbn1p/2pp4/8/PBNP1Q1P/1PP2PP1/R1B1R1K1",
			"color": "b",
			"castling": "-",
			"enPassant": "-",
			"halfmove": 4,
			"fullmove": 16,
			"moves": "Bg4 Qe3 Rxe3 Bxe3 d4 hxg4 dxc3",
			"moveCounter": 4,
			"level": 24
		},
		{
			"board": "r1bq1rk1/pp2bpp1/3p1n1p/2pN4/2B1P3/1PQ5/P1P2PPP/R1B2RK1",
			"color": "b",
			"castling": "-",
			"enPassant": "-",
			"halfmove": 1,
			"fullmove": 11,
			"moves": "Nxd5 Bxd5 Bf6 Qg3 Bxa1 Bxh6 Bb2",
			"moveCounter": 4,
			"level": 25
		},
		{
			"board": "r3qrnk/ppp1b1pp/3p2n1/5bB1/3P4/PB3N1P/1PP3P1/RN1Q1RK1",
			"color": "b",
			"castling": "-",
			"enPassant": "-",
			"halfmove": 1,
			"fullmove": 15,
			"moves": "Bxg5 Nxg5 Qe3+ Kh2 Qxg5 Qd2 Qh4",
			"moveCounter": 4,
			"level": 26
		},
		{
			"board": "r2k2nr/pppbb1pp/2qp1p2/7Q/2Pp1B1P/3B4/PP3PP1/RN2R1K1",
			"color": "w",
			"castling": "-",
			"enPassant": "-",
			"halfmove": 3,
			"fullmove": 15,
			"moves": "Qf7 g5 Qg7 Bh3 gxh3 gxf4 Qxh8",
			"moveCounter": 4,
			"level": 27
		},
		{
			"board": "2kr2r1/ppp2p1p/2pqbp2/2b1p3/4P3/P2P1N1P/1PPQ1PP1/RN3RK1",
			"color": "b",
			"castling": "-",
			"enPassant": "-",
			"halfmove": 3,
			"fullmove": 11,
			"moves": "Bxh3 Nh4 Qe6 Kh2 Bxg2 Nf5 Bxf1",
			"moveCounter": 4,
			"level": 28
		},
		{
			"board": "r1bq1rk1/p3bppp/2n5/3p4/4n3/P1pP1N1P/B1P2PP1/RNBQR1K1",
			"color": "w",
			"castling": "-",
			"enPassant": "-",
			"halfmove": 0,
			"fullmove": 14,
			"moves": "dxe4 dxe4 Qxd8 Bxd8 Rxe4 Bf5 Rf4",
			"moveCounter": 4,
			"level": 29
		},
		{
			"board": "r1bk1b1r/ppp2Qp1/7p/3Bp1N1/3n2q1/3P1P2/PPP3PP/RNBK3R",
			"color": "b",
			"castling": "-",
			"enPassant": "-",
			"halfmove": 0,
			"fullmove": 11,
			"moves": "Qxg2 Nc3 Qxh1+ Kd2 Qg2+ Ke3 hxg5",
			"moveCounter": 4,
			"level": 30
		},
		{
			"board": "rnb4r/pppp2pp/1b2k3/3nN3/3PPB2/6qP/PPP3P1/R2Q1K1R",
			"color": "w",
			"castling": "-",
			"enPassant": "-",
			"halfmove": 2,
			"fullmove": 13,
			"moves": "exd5+ Ke7 Bxg3 Rf8+ Ke1 d6 Qh5",
			"moveCounter": 4,
			"level": 31
		},
		{
			"board": "r7/1p2kp1p/p2p2rb/2p1p2q/2P1P1n1/3PBN2/PP1QBPP1/RR4K1",
			"color": "b",
			"castling": "-",
			"enPassant": "-",
			"halfmove": 6,
			"fullmove": 18,
			"moves": "Bxe3 fxe3 Rh6 Nh4 Qxh4 Bxg4 Qxg4",
			"moveCounter": 4,
			"level": 32
		},
		{
			"board": "R2r3r/1kpb1pp1/1pnp3p/3BpPb1/QP2P3/2PP1N2/3N1q1P/3K3R",
			"color": "b",
			"castling": "-",
			"enPassant": "-",
			"halfmove": 5,
			"fullmove": 23,
			"moves": "Rxa8 Rf1 Qg2 Rg1 Qxg1+ Nxg1 Rxa4",
			"moveCounter": 4,
			"level": 33
		},
		{
			"board": "5r1r/ppknb3/2p1pq1p/2Pp4/3P1p1n/1P1B4/PB2NQPP/4RRK1",
			"color": "w",
			"castling": "-",
			"enPassant": "-",
			"halfmove": 0,
			"fullmove": 22,
			"moves": "Nxf4 Qxf4 Qxf4+ Rxf4 Rxf4 e5 dxe5",
			"moveCounter": 4,
			"level": 34
		},
		{
			"board": "r1b2rk1/pp3p2/2npq2p/4p1p1/3P3N/2P4n/PPB2PPK/R1BQ1R2",
			"color": "w",
			"castling": "-",
			"enPassant": "-",
			"halfmove": 0,
			"fullmove": 16,
			"moves": "d5 Qf6 dxc6 Nf4 cxb7 Bxb7 Nf5",
			"moveCounter": 4,
			"level": 35
		},
		{
			"board": "r1bq1rk1/ppp1n1pp/1b3p2/1P2N3/8/2PBB3/P1P2PPP/R2Q1RK1",
			"color": "w",
			"castling": "-",
			"enPassant": "-",
			"halfmove": 0,
			"fullmove": 12,
			"moves": "Bc4+ Nd5 Bxd5+ Kh8 Nf7+ Rxf7 Bxf7",
			"moveCounter": 4,
			"level": 36
		},
		{
			"board": "4nrk1/2pq1p1p/2nbb1p1/1B2p1N1/4P1P1/rPP1B1NP/2Q2P2/3RK1R1",
			"color": "w",
			"castling": "-",
			"enPassant": "-",
			"halfmove": 1,
			"fullmove": 22,
			"moves": "Nxe6 Nb4 cxb4 Bxb4+ Bd2 Bxd2+ Rxd2",
			"moveCounter": 4,
			"level": 37
		},
		{
			"board": "k2r2r1/n1pbn3/1p1bpq1p/1B1p2p1/3P4/2P2N2/5PPP/RNBQ1RK1",
			"color": "w",
			"castling": "-",
			"enPassant": "-",
			"halfmove": 0,
			"fullmove": 19,
			"moves": "Qa4 Nc8 Bxd7 Rxd7 Qxd7 Rd8 Qa4",
			"moveCounter": 4,
			"level": 38
		},
		{
			"board": "r1b2rk1/1pp3pp/p3p3/3PqpB1/1nP4Q/3BP3/P1P2PPP/R4RK1",
			"color": "w",
			"castling": "-",
			"enPassant": "-",
			"halfmove": 3,
			"fullmove": 18,
			"moves": "Be7 Nxd3 Bxf8 Qf6 Qxf6 gxf6 cxd3",
			"moveCounter": 4,
			"level": 39
		},
		{
			"board": "r5kr/pp1n1ppp/1bp2n2/3p4/2PP1q2/BPN2B2/P5PP/R2QR1K1",
			"color": "b",
			"castling": "-",
			"enPassant": "-",
			"halfmove": 1,
			"fullmove": 15,
			"moves": "Bxd4+ Kh1 Bxc3 cxd5 cxd5 Rf1 Bxa1",
			"moveCounter": 4,
			"level": 40
		},
		{
			"board": "r2q1rk1/5p1n/p1pp4/1p2p1b1/4P1QP/PBNP3n/1PP2PP1/R4RK1",
			"color": "w",
			"castling": "-",
			"enPassant": "-",
			"halfmove": 1,
			"fullmove": 20,
			"moves": "gxh3 Kh8 hxg5 Qxg5 Kh2 Qxg4 hxg4",
			"moveCounter": 4,
			"level": 41
		},
		{
			"board": "2kr3r/1pp2ppp/p2bbn2/2P1N2q/5B2/2NQ3P/PPP2PP1/R3R1K1",
			"color": "b",
			"castling": "-",
			"enPassant": "-",
			"halfmove": 0,
			"fullmove": 17,
			"moves": "Bxe5 Rxe5 Rxd3 Rxh5 Nxh5 cxd3 Nxf4",
			"moveCounter": 4,
			"level": 42
		},
		{
			"board": "rn3rk1/pp1q1p2/3p2bp/2pP3n/2P2P1b/1PN4N/P2BQ3/R2K1BR1",
			"color": "w",
			"castling": "-",
			"enPassant": "-",
			"halfmove": 3,
			"fullmove": 20,
			"moves": "Qxh5 Bg5 Qf3 Qf5 Nxg5 Qc2+ Ke1",
			"moveCounter": 4,
			"level": 43
		},
		{
			"board": "r4rk1/pp1b3p/1qn1p3/2pp1pN1/5P2/3P2P1/PbP3BP/R1BQ1R1K",
			"color": "w",
			"castling": "-",
			"enPassant": "-",
			"halfmove": 0,
			"fullmove": 16,
			"moves": "Qh5 Rf6 Qxh7+ Kf8 Rb1 Qd8 Bxb2",
			"moveCounter": 4,
			"level": 44
		},
		{
			"board": "k2rr3/1ppqbpp1/2p1p2p/1p2Pb2/P2P1P2/2P1B3/3NQ1PP/R4RK1",
			"color": "w",
			"castling": "-",
			"enPassant": "-",
			"halfmove": 0,
			"fullmove": 21,
			"moves": "axb5+ Kb8 Nc4 Ba3 Qa2 Qe7 Nxa3",
			"moveCounter": 4,
			"level": 45
		},
		{
			"board": "r2q1rk1/1b2bppp/p1n1p1n1/1pNpP3/3P4/2NB4/PP2QPPP/R1B2RK1",
			"color": "b",
			"castling": "-",
			"enPassant": "-",
			"halfmove": 3,
			"fullmove": 14,
			"moves": "Nxd4 Qg4 Bxc5 Bxg6 fxg6",
			"moveCounter": 3,
			"level": 46
		},
		{
			"board": "r2q1rk1/pb2bpp1/1pn2n1p/2pp4/P2P4/1QNBPN2/1P1B1PPP/3RR1K1",
			"color": "b",
			"castling": "-",
			"enPassant": "-",
			"halfmove": 2,
			"fullmove": 15,
			"moves": "c4 Bxc4 Na5 Qa2 Nxc4",
			"moveCounter": 3,
			"level": 47
		},
		{
			"board": "r2q1rk1/pbpnbpp1/1p2p2p/3n4/P6B/1BNP1N2/1PP2PPP/R2QR1K1",
			"color": "b",
			"castling": "-",
			"enPassant": "-",
			"halfmove": 1,
			"fullmove": 12,
			"moves": "Bxh4 Bxd5 exd5 Nxh4 Qxh4",
			"moveCounter": 3,
			"level": 48
		},
		{
			"board": "2kr3r/pppqbpp1/n2p1n1p/1N1Pp1B1/4P3/P4N2/1PP1QPPP/R4RK1",
			"color": "b",
			"castling": "-",
			"enPassant": "-",
			"halfmove": 1,
			"fullmove": 12,
			"moves": "hxg5 Nxa7+ Kb8 Nc6+ bxc6",
			"moveCounter": 3,
			"level": 49
		},
		{
			"board": "r1bq1rk1/3nbppp/p3p3/1p1pN1B1/3Pn3/1BN5/PPP2PPP/R2Q1RK1",
			"color": "w",
			"castling": "-",
			"enPassant": "-",
			"halfmove": 2,
			"fullmove": 12,
			"moves": "Nc6 Nxc3 bxc3 Bxg5 Nxd8",
			"moveCounter": 3,
			"level": 50
		},
		{
			"board": "r3q1k1/ppp1b1pn/3pprNp/4p3/1P1nP1Q1/P2P3P/2P1NPP1/R1B2RK1",
			"color": "b",
			"castling": "-",
			"enPassant": "-",
			"halfmove": 2,
			"fullmove": 14,
			"moves": "Rxg6 Nxd4 Rxg4 hxg4 exd4",
			"moveCounter": 3,
			"level": 51
		},
		{
			"board": "rn1q1kr1/pbp1n1b1/1p1pp2p/5p1B/5P2/2NP3P/PPP3PN/R1BQ1RK1",
			"color": "b",
			"castling": "-",
			"enPassant": "-",
			"halfmove": 5,
			"fullmove": 13,
			"moves": "Bd4+ Rf2 Rxg2+ Kh1 Rxf2+",
			"moveCounter": 3,
			"level": 52
		},
		{
			"board": "2kr1b1r/pppbq1p1/2np1n1p/3Bp3/1P2N3/P2PBN2/2P2PPP/R2Q1RK1",
			"color": "b",
			"castling": "-",
			"enPassant": "-",
			"halfmove": 4,
			"fullmove": 11,
			"moves": "Nxd5 b5 Nd4 Bxd4 exd4",
			"moveCounter": 3,
			"level": 53
		},
		{
			"board": "2kr3r/pbppq1bp/1p2p1p1/n3n3/4PN1B/2N2P2/PPP1B1PP/2KRQ2R",
			"color": "b",
			"castling": "-",
			"enPassant": "-",
			"halfmove": 14,
			"fullmove": 16,
			"moves": "g5 Nh5 gxh4 Nxg7 Qxg7",
			"moveCounter": 3,
			"level": 54
		},
		{
			"board": "2kr3r/p2bnpp1/1pn1p2p/3pP3/qQpP4/P1P2N1P/2PBBPP1/RR4K1",
			"color": "b",
			"castling": "-",
			"enPassant": "-",
			"halfmove": 1,
			"fullmove": 15,
			"moves": "Nxb4 axb4 Qxc2 Rc1 Qg6",
			"moveCounter": 3,
			"level": 55
		},
		{
			"board": "r1bqr1k1/pp3pb1/2n2npp/3pp3/3P2PB/P1NQ3N/1PP1BP1P/2KR3R",
			"color": "b",
			"castling": "-",
			"enPassant": "-",
			"halfmove": 1,
			"fullmove": 13,
			"moves": "exd4 Na2 g5 Nxg5 hxg5",
			"moveCounter": 3,
			"level": 56
		},
		{
			"board": "1k1r1br1/ppqnp3/2p1bn1p/3p2p1/3P4/2NB1N2/PPPB1PPP/1K1RQ2R",
			"color": "w",
			"castling": "-",
			"enPassant": "-",
			"halfmove": 4,
			"fullmove": 15,
			"moves": "Qxe6 Qd6 Bf5 Bg7 Ne5",
			"moveCounter": 3,
			"level": 57
		},
		{
			"board": "2rq1rk1/1p1bppbp/p1np1npB/8/3NP3/P1N5/1PPQBPPP/R2R2K1",
			"color": "b",
			"castling": "-",
			"enPassant": "-",
			"halfmove": 1,
			"fullmove": 12,
			"moves": "Nxd4 Bxg7 Nxe2+ Qxe2 Kxg7",
			"moveCounter": 3,
			"level": 58
		},
		{
			"board": "r2q1rk1/pppb1pbp/5np1/3p4/Nn1P4/3BPN2/PP1Q1PPP/R1B2RK1",
			"color": "b",
			"castling": "-",
			"enPassant": "-",
			"halfmove": 7,
			"fullmove": 11,
			"moves": "Nxd3 Qxd3 Bxa4 b3 Bd7",
			"moveCounter": 3,
			"level": 59
		},
		{
			"board": "r3r1k1/p1pqbpp1/1pn2n1p/3p4/3P2bB/1QPB1N2/PP1N1PPP/R3R1K1",
			"color": "w",
			"castling": "-",
			"enPassant": "-",
			"halfmove": 0,
			"fullmove": 13,
			"moves": "Bb5 a6 Ne5 Nxe5 Bxd7",
			"moveCounter": 3,
			"level": 60
		},
		{
			"board": "r2q1rk1/pbpp2bp/1p2p1p1/n7/3PN2n/2PBBNP1/PP2QP1P/R3R1K1",
			"color": "b",
			"castling": "-",
			"enPassant": "-",
			"halfmove": 0,
			"fullmove": 13,
			"moves": "Nxf3+ Kf1 Nc4 h4 Nxe1",
			"moveCounter": 3,
			"level": 61
		},
		{
			"board": "r1b2rk1/ppp1nppp/8/4p2P/1bBnQ1q1/1PN5/PBPP1PP1/2KR2NR",
			"color": "b",
			"castling": "-",
			"enPassant": "-",
			"halfmove": 2,
			"fullmove": 11,
			"moves": "Bxc3 Qxg4 Bxb2+ Kxb2 Bxg4",
			"moveCounter": 3,
			"level": 62
		},
		{
			"board": "r1bq1rk1/1pn2pbp/2p2np1/p3N3/2PPP3/P1NB4/1P4PP/R1BQ1RK1",
			"color": "b",
			"castling": "-",
			"enPassant": "-",
			"halfmove": 0,
			"fullmove": 12,
			"moves": "Qxd4+ Kh1 Qxe5 Bf4 Qe7",
			"moveCounter": 3,
			"level": 63
		},
		{
			"board": "r2q1rk1/3b1pbp/p2pN1p1/1ppNp3/4P3/2PPBP2/PP4PP/R2QR1K1",
			"color": "b",
			"castling": "-",
			"enPassant": "-",
			"halfmove": 0,
			"fullmove": 17,
			"moves": "fxe6 d4 cxd4 cxd4 exd5",
			"moveCounter": 3,
			"level": 64
		},
		{
			"board": "2r1nrk1/4b1p1/p1bp1pPB/qnp1pP2/4P2P/2NP2N1/PP1Q2B1/R4RK1",
			"color": "b",
			"castling": "-",
			"enPassant": "-",
			"halfmove": 0,
			"fullmove": 23,
			"moves": "Bd8 Bxg7 Kxg7 Nh5+ Kg8",
			"moveCounter": 3,
			"level": 65
		},
		{
			"board": "r2q1rk1/1ppnbp2/2bp3Q/p3p3/4P1n1/1BNP1N2/PPP2PPP/R4RK1",
			"color": "w",
			"castling": "-",
			"enPassant": "-",
			"halfmove": 1,
			"fullmove": 14,
			"moves": "Qg6+ Kh8 Qh5+ Kg7 Qxg4+",
			"moveCounter": 3,
			"level": 66
		},
		{
			"board": "2k1r2r/p1pp2pp/1pnbqp1n/1b6/P1P5/R3PQP1/1B1P1PBP/1N3RK1",
			"color": "w",
			"castling": "-",
			"enPassant": "-",
			"halfmove": 0,
			"fullmove": 15,
			"moves": "cxb5 Qf5 Qxf5 Nxf5 bxc6",
			"moveCounter": 3,
			"level": 67
		},
		{
			"board": "r1bqr1k1/p4pbp/1p2p1p1/2ppn3/2P5/1P1P2P1/PB1N1PBP/1R1QR1K1",
			"color": "b",
			"castling": "-",
			"enPassant": "-",
			"halfmove": 1,
			"fullmove": 14,
			"moves": "Nxd3 Bxg7 Nxe1 Qxe1 Kxg7",
			"moveCounter": 3,
			"level": 68
		},
		{
			"board": "r1bqr1k1/pppp1ppp/2n2n2/6B1/4P3/1NN5/PPPQ1bPP/2KR1B1R",
			"color": "w",
			"castling": "-",
			"enPassant": "-",
			"halfmove": 0,
			"fullmove": 10,
			"moves": "Qxf2 Ng4 Qh4 f6 Bd2",
			"moveCounter": 3,
			"level": 69
		},
		{
			"board": "r1bq1rk1/ppp2p1p/6p1/3Ppn2/1PB3n1/2PP1N2/P5PP/RNBQ1K1R",
			"color": "b",
			"castling": "-",
			"enPassant": "-",
			"halfmove": 4,
			"fullmove": 12,
			"moves": "Nge3+ Bxe3 Nxe3+ Kf2 Nxd1+",
			"moveCounter": 3,
			"level": 70
		},
		{
			"board": "2r2rk1/3b1ppp/3q1n2/PpNpp3/2pPn1BN/2P1P2P/1P2QPP1/R2R2K1",
			"color": "w",
			"castling": "-",
			"enPassant": "-",
			"halfmove": 0,
			"fullmove": 27,
			"moves": "Nxd7 Nxd7 dxe5 Nxe5 Bxc8",
			"moveCounter": 3,
			"level": 71
		},
		{
			"board": "rnbq1rk1/ppp1ppbp/6p1/4N3/2pPN3/5Q2/PPP2PPP/R1B2RK1",
			"color": "b",
			"castling": "-",
			"enPassant": "-",
			"halfmove": 1,
			"fullmove": 9,
			"moves": "Qxd4 Bf4 f5 Nxg6 hxg6",
			"moveCounter": 3,
			"level": 72
		},
		{
			"board": "r4rk1/1ppnq1pp/1b6/4pp1b/NP1n4/P2P1NPP/RBP2PB1/Q4RK1",
			"color": "b",
			"castling": "-",
			"enPassant": "-",
			"halfmove": 0,
			"fullmove": 18,
			"moves": "Nxf3+ Bxf3 Bxf3 Nxb6 cxb6",
			"moveCounter": 3,
			"level": 73
		},
		{
			"board": "r4rk1/1pq2ppp/p1bbpn2/2p1N3/4PP2/2NP4/PPP3PP/R1B1QRK1",
			"color": "w",
			"castling": "-",
			"enPassant": "-",
			"halfmove": 7,
			"fullmove": 13,
			"moves": "Nxc6 Qxc6 e5 Be7 exf6",
			"moveCounter": 3,
			"level": 74
		},
		{
			"board": "r2q1rk1/ppp2pp1/2np3p/2b1p3/2B1P1b1/2NP1N2/PPP2P2/R1BQ1R1K",
			"color": "b",
			"castling": "-",
			"enPassant": "-",
			"halfmove": 1,
			"fullmove": 12,
			"moves": "Qf6 Kg2 Nd4 Nxd4 Bxd1",
			"moveCounter": 3,
			"level": 75
		},
		{
			"board": "2rqr1k1/1p1b1ppp/1b3n2/pP1pNn2/P7/B1PBP3/3N1PPP/RQR3K1",
			"color": "w",
			"castling": "-",
			"enPassant": "-",
			"halfmove": 1,
			"fullmove": 17,
			"moves": "Nxd7 Nxe3 Nxb6 Qxb6 h3",
			"moveCounter": 3,
			"level": 76
		},
		{
			"board": "rnbq1b1r/pp1k1ppp/2p5/3p4/B2Qn3/5N2/PPP2PPP/RNB1R1K1",
			"color": "w",
			"castling": "-",
			"enPassant": "-",
			"halfmove": 1,
			"fullmove": 9,
			"moves": "Rxe4 Kc7 Re2 b5 Bb3",
			"moveCounter": 3,
			"level": 77
		},
		{
			"board": "r2q1rk1/1pp2ppn/p1np3p/3bb3/2P1P3/3B2B1/PPQ1NPPP/R4RK1",
			"color": "w",
			"castling": "-",
			"enPassant": "-",
			"halfmove": 0,
			"fullmove": 15,
			"moves": "exd5 Ng5 dxc6 Bxg3 fxg3",
			"moveCounter": 3,
			"level": 78
		},
		{
			"board": "3q1rk1/rbp2ppp/p2bpn2/1p2n3/3P1Q2/1BN1P3/PP3PPP/R1BR2K1",
			"color": "w",
			"castling": "-",
			"enPassant": "-",
			"halfmove": 0,
			"fullmove": 13,
			"moves": "dxe5 b4 Na4 Bd5 exd6",
			"moveCounter": 3,
			"level": 79
		},
		{
			"board": "r4rk1/pp3pp1/3p4/P1pPp3/2P1Pnqp/1PN2NP1/5PbP/R2QR1K1",
			"color": "w",
			"castling": "-",
			"enPassant": "-",
			"halfmove": 2,
			"fullmove": 21,
			"moves": "Nxh4 Qh3 gxf4 Qxh4 Kxg2",
			"moveCounter": 3,
			"level": 80
		},
		{
			"board": "1k1r2nr/1ppn2pp/p2b1p2/7q/Q2P2b1/2N2NP1/PP2BP1P/R1B2RK1",
			"color": "b",
			"castling": "-",
			"enPassant": "-",
			"halfmove": 0,
			"fullmove": 13,
			"moves": "Bxf3 Bxf3 Qxf3 Qd1 Qxd1",
			"moveCounter": 3,
			"level": 81
		},
		{
			"board": "2kr3r/1pp1b1pp/p1q1b3/4pp2/5n2/2NPQP2/PPPN2PP/R1B2RK1",
			"color": "b",
			"castling": "-",
			"enPassant": "-",
			"halfmove": 0,
			"fullmove": 19,
			"moves": "Bc5 Qf2 Rxd3 cxd3 Bxf2+",
			"moveCounter": 3,
			"level": 82
		},
		{
			"board": "r2q1rk1/2p2ppp/pbn1b3/1p1N4/3Pn3/1B3N2/PP3PPP/R1BQR1K1",
			"color": "w",
			"castling": "-",
			"enPassant": "-",
			"halfmove": 1,
			"fullmove": 13,
			"moves": "Nxb6 Nxf2 Kxf2 Bxb3 axb3",
			"moveCounter": 3,
			"level": 83
		},
		{
			"board": "2kr3r/1nppnpp1/p2q3p/1p2p3/3PP3/P1N1PN2/1PP3PP/R2Q1RK1",
			"color": "w",
			"castling": "-",
			"enPassant": "-",
			"halfmove": 1,
			"fullmove": 15,
			"moves": "Nxe5 f5 Nf7 Qe6 Nxh8",
			"moveCounter": 3,
			"level": 84
		},
		{
			"board": "r3r1k1/pppb1ppp/3b1q2/3p3Q/3Nn3/2PBPP1P/PP4P1/R1B1R1K1",
			"color": "b",
			"castling": "-",
			"enPassant": "-",
			"halfmove": 0,
			"fullmove": 17,
			"moves": "Re5 Qxe5 Qxe5 f4 Qe7",
			"moveCounter": 3,
			"level": 85
		},
		{
			"board": "r3r1k1/3q1pbp/p1p2np1/1p1pp1B1/1P2P3/PP1P1Q2/4NPPP/R1R3K1",
			"color": "w",
			"castling": "-",
			"enPassant": "-",
			"halfmove": 0,
			"fullmove": 22,
			"moves": "Bxf6 Bxf6 Qxf6 Re6 Qg5",
			"moveCounter": 3,
			"level": 86
		},
		{
			"board": "r2q1rk1/1p2bppp/p1n1pn2/2p2P2/P1B5/2N4P/1PPP2P1/R1BQ1RK1",
			"color": "b",
			"castling": "-",
			"enPassant": "-",
			"halfmove": 0,
			"fullmove": 14,
			"moves": "Qd4+ Kh1 Qxc4 d3 Qh4",
			"moveCounter": 3,
			"level": 87
		},
		{
			"board": "r2r2k1/1q2bpp1/p1n2n1p/1p6/2pNbPN1/P1P1B2P/1PQ3P1/RB3RK1",
			"color": "w",
			"castling": "-",
			"enPassant": "-",
			"halfmove": 5,
			"fullmove": 23,
			"moves": "Nxf6+ Bxf6 Qxe4 Bxd4 Bxd4",
			"moveCounter": 3,
			"level": 88
		},
		{
			"board": "3q1rk1/2b2ppp/p3p3/1p1pn2n/2rN3P/P3PN2/1PPB1PP1/R2Q1RK1",
			"color": "w",
			"castling": "-",
			"enPassant": "-",
			"halfmove": 8,
			"fullmove": 18,
			"moves": "Nxe5 Bxe5 Qxh5 Bxd4 exd4",
			"moveCounter": 3,
			"level": 89
		},
		{
			"board": "rnbq1rk1/1pp2pp1/p4n1p/2b1P3/3N4/2PB4/PP4PP/RNBQ1RK1",
			"color": "w",
			"castling": "-",
			"enPassant": "-",
			"halfmove": 1,
			"fullmove": 11,
			"moves": "exf6 Bxd4+ cxd4 Qxd4+ Kh1",
			"moveCounter": 3,
			"level": 90
		},
		{
			"board": "r1bk1n1r/2p1q1b1/pp1ppnQp/3N2p1/3PP3/3BBR1N/PPP3PP/5RK1",
			"color": "b",
			"castling": "-",
			"enPassant": "-",
			"halfmove": 11,
			"fullmove": 15,
			"moves": "exd5 Qxg7 Qxg7",
			"moveCounter": 2,
			"level": 91
		},
		{
			"board": "r1br2k1/4bppp/pqn1pn2/Bp6/3pPP2/1N1P1N2/PP2B1PP/R2Q1RK1",
			"color": "b",
			"castling": "-",
			"enPassant": "-",
			"halfmove": 5,
			"fullmove": 14,
			"moves": "Nxa5 Nxa5 Qxa5",
			"moveCounter": 2,
			"level": 92
		},
		{
			"board": "1rb1r1k1/5pb1/1qp1p1pp/p1NpPn2/2pP1B2/2P2N2/PP1Q1PPP/1R2R1K1",
			"color": "w",
			"castling": "-",
			"enPassant": "-",
			"halfmove": 0,
			"fullmove": 18,
			"moves": "g4 Nxd4 cxd4",
			"moveCounter": 2,
			"level": 93
		},
		{
			"board": "rn1q1rk1/ppp2ppp/1n1p1b2/8/2PP2b1/3B1N2/PP2QPPP/RNB1R1K1",
			"color": "w",
			"castling": "-",
			"enPassant": "-",
			"halfmove": 9,
			"fullmove": 11,
			"moves": "Qe4 g6 Qxg4",
			"moveCounter": 2,
			"level": 94
		},
		{
			"board": "1r1q1rk1/3bppb1/2np2pp/p1p5/1pP1N3/1P1PP1P1/P2N1PBP/2RQR1K1",
			"color": "b",
			"castling": "-",
			"enPassant": "-",
			"halfmove": 3,
			"fullmove": 19,
			"moves": "f5 Nxd6 exd6",
			"moveCounter": 2,
			"level": 95
		},
		{
			"board": "r2q1rk1/pp1bbppp/2p1p3/3p3Q/1PnP4/N1PBP3/P2B1PPP/R4RK1",
			"color": "b",
			"castling": "-",
			"enPassant": "-",
			"halfmove": 3,
			"fullmove": 12,
			"moves": "g6 Qd1 Nxa3",
			"moveCounter": 2,
			"level": 96
		},
		{
			"board": "r2q3k/pppb2pp/2np1n2/4pr2/4N2b/1BPP1N1P/PP3PP1/R1BQR1K1",
			"color": "w",
			"castling": "-",
			"enPassant": "-",
			"halfmove": 6,
			"fullmove": 14,
			"moves": "Nxh4 Nxe4 Nxf5",
			"moveCounter": 2,
			"level": 97
		},
		{
			"board": "r2q1rk1/p2bpp1p/1pQ2bp1/1B1p3n/6n1/2N2P1N/PPPP2PP/R1B2RK1",
			"color": "w",
			"castling": "-",
			"enPassant": "-",
			"halfmove": 1,
			"fullmove": 17,
			"moves": "Qxd7 Qxd7 Bxd7",
			"moveCounter": 2,
			"level": 98
		},
		{
			"board": "2kr1bnr/ppp1pppp/2n5/7q/6b1/2NP1NP1/PPP2PBP/R1BQ1RK1",
			"color": "b",
			"castling": "-",
			"enPassant": "-",
			"halfmove": 0,
			"fullmove": 8,
			"moves": "Nd4 Qe1 Bxf3",
			"moveCounter": 2,
			"level": 99
		},
		{
			"board": "2kr1b1r/pbppqpp1/np3n1p/8/3PPB2/PN6/1PP1B1PP/RN1QR1K1",
			"color": "b",
			"castling": "-",
			"enPassant": "-",
			"halfmove": 0,
			"fullmove": 12,
			"moves": "Qxe4 Bf3 Qxf4",
			"moveCounter": 2,
			"level": 100
		},
		{
			"board": "r2k3r/pppbn3/1bnp1qpp/5pN1/2BP1P2/2P5/PP4PP/RNBQR1K1",
			"color": "w",
			"castling": "-",
			"enPassant": "-",
			"halfmove": 0,
			"fullmove": 14,
			"moves": "Nf7+ Kc8 Nxh8",
			"moveCounter": 2,
			"level": 101
		},
		{
			"board": "rnbq1rk1/pp4bp/1n1p2p1/2pN1p2/1PP1P3/3P1N2/P3B1PP/R1BQ1RK1",
			"color": "b",
			"castling": "-",
			"enPassant": "-",
			"halfmove": 0,
			"fullmove": 13,
			"moves": "Nxd5 cxd5 Bxa1",
			"moveCounter": 2,
			"level": 102
		},
		{
			"board": "r1bq1r2/3nbpk1/ppp1p1pp/3pP1N1/3P1P2/2PB2QP/PP1N2P1/R4RK1",
			"color": "w",
			"castling": "-",
			"enPassant": "-",
			"halfmove": 0,
			"fullmove": 16,
			"moves": "Nxe6+ Kh8 Nxd8",
			"moveCounter": 2,
			"level": 103
		},
		{
			"board": "r2qr1k1/ppp1nppp/3pb3/3Np1b1/4P3/PQPP1N2/BP3PPP/R3R1K1",
			"color": "w",
			"castling": "-",
			"enPassant": "-",
			"halfmove": 3,
			"fullmove": 15,
			"moves": "Nxg5 Bxd5 exd5",
			"moveCounter": 2,
			"level": 104
		},
		{
			"board": "rn3rk1/pbp1npbp/1p2p1p1/3qN3/3P4/2PBB3/PP1N1PPP/R2Q1RK1",
			"color": "w",
			"castling": "-",
			"enPassant": "-",
			"halfmove": 1,
			"fullmove": 11,
			"moves": "Be4 Qxe4 Nxe4",
			"moveCounter": 2,
			"level": 105
		},
		{
			"board": "r2q1rk1/pppb1ppp/2nb1n2/1B1p4/1P1N4/2P1P3/P1Q2PPP/RNB2RK1",
			"color": "b",
			"castling": "-",
			"enPassant": "-",
			"halfmove": 6,
			"fullmove": 9,
			"moves": "Nxd4 cxd4 Bxb5",
			"moveCounter": 2,
			"level": 106
		},
		{
			"board": "r1b2rk1/ppp1q1pp/1bn1pp2/3n4/3P4/1B3N2/PPP2PPP/RNBQR1K1",
			"color": "w",
			"castling": "-",
			"enPassant": "-",
			"halfmove": 4,
			"fullmove": 11,
			"moves": "Bxd5 Rd8 Bxc6",
			"moveCounter": 2,
			"level": 107
		},
		{
			"board": "r2q1rk1/ppp1npbp/n5p1/2B1p3/4P1b1/2N2N2/PPP1BPPP/R2Q1RK1",
			"color": "w",
			"castling": "-",
			"enPassant": "-",
			"halfmove": 4,
			"fullmove": 11,
			"moves": "Qxd8 Rfxd8 Bxe7",
			"moveCounter": 2,
			"level": 108
		},
		{
			"board": "r1bq1rk1/3pn1bp/ppn1ppp1/4P3/3NNP2/6P1/PPP3BP/R1BQ1RK1",
			"color": "w",
			"castling": "-",
			"enPassant": "-",
			"halfmove": 0,
			"fullmove": 12,
			"moves": "exf6 Bh8 fxe7",
			"moveCounter": 2,
			"level": 109
		},
		{
			"board": "rn3rk1/4bppp/p1pp1n2/1pq1p3/2B1P3/PPNP2QP/2PB1PP1/R4RK1",
			"color": "w",
			"castling": "-",
			"enPassant": "-",
			"halfmove": 1,
			"fullmove": 14,
			"moves": "Be3 Qxe3 fxe3",
			"moveCounter": 2,
			"level": 110
		},
		{
			"board": "r2q1r2/pb2ppbk/1p1p2pp/1Pp1nP2/P1BP4/2NQ1N2/2P2PPP/R4RK1",
			"color": "w",
			"castling": "-",
			"enPassant": "-",
			"halfmove": 1,
			"fullmove": 15,
			"moves": "dxe5 Bxf3 Qxf3",
			"moveCounter": 2,
			"level": 111
		},
		{
			"board": "r1bq1rk1/3n1ppp/p3pn2/1P1pN3/1bpP1B2/2N1P3/2P1BPPP/R2Q1RK1",
			"color": "b",
			"castling": "-",
			"enPassant": "-",
			"halfmove": 0,
			"fullmove": 12,
			"moves": "Bxc3 Nc6 Qb6",
			"moveCounter": 2,
			"level": 112
		},
		{
			"board": "q4rk1/1b1nbppp/r2p1n2/2p1p1N1/1p2P1NP/3PBP2/BPP1Q1P1/R4RK1",
			"color": "b",
			"castling": "-",
			"enPassant": "-",
			"halfmove": 5,
			"fullmove": 18,
			"moves": "Rxa2 Rxa2 Qxa2",
			"moveCounter": 2,
			"level": 113
		},
		{
			"board": "b1k1rb2/p1qnn3/P1p1p3/1p1pPp1p/1P1P2rP/3B2B1/N1PN1P1K/R2Q2R1",
			"color": "b",
			"castling": "-",
			"enPassant": "-",
			"halfmove": 3,
			"fullmove": 21,
			"moves": "f4 Bxf4 Rxf4",
			"moveCounter": 2,
			"level": 114
		},
		{
			"board": "r2q1r1k/bbp3pp/p4p2/np2p3/3P1n1B/P1P2NN1/BP3PPP/R2Q1RK1",
			"color": "b",
			"castling": "-",
			"enPassant": "-",
			"halfmove": 2,
			"fullmove": 16,
			"moves": "g5 Bxg5 fxg5",
			"moveCounter": 2,
			"level": 115
		},
		{
			"board": "rn1q1rk1/pp3ppp/8/3p1b2/1bpPn3/2N1PN2/PP1BBPPP/R2Q1RK1",
			"color": "w",
			"castling": "-",
			"enPassant": "-",
			"halfmove": 4,
			"fullmove": 11,
			"moves": "Nxe4 Bxd2 Nexd2",
			"moveCounter": 2,
			"level": 116
		},
		{
			"board": "r1bq1rk1/2p2pp1/p2bp2p/1p1pP3/1P2n3/P1N1P3/1BP1BPPP/R2Q1RK1",
			"color": "w",
			"castling": "-",
			"enPassant": "-",
			"halfmove": 1,
			"fullmove": 12,
			"moves": "Nxe4 Be7 Ng3",
			"moveCounter": 2,
			"level": 117
		},
		{
			"board": "2kr3r/pppqbppp/1nn1p3/4Pb2/2PP4/1PN1BN2/P2Q2PP/2KR1B1R",
			"color": "b",
			"castling": "-",
			"enPassant": "-",
			"halfmove": 0,
			"fullmove": 12,
			"moves": "Ba3+ Qb2 Bxb2+",
			"moveCounter": 2,
			"level": 118
		},
		{
			"board": "1rbq1rk1/7p/p2p2pb/1ppPpp2/3nN2B/P2P4/BPP2PPP/R2QR1K1",
			"color": "w",
			"castling": "-",
			"enPassant": "-",
			"halfmove": 0,
			"fullmove": 18,
			"moves": "Bxd8 Rxd8 Nxd6",
			"moveCounter": 2,
			"level": 119
		},
		{
			"board": "r1bq1rk1/pppp1ppp/2n5/4p3/2B1P1n1/1P1P1N2/PBP3PP/RN1Q1K1R",
			"color": "b",
			"castling": "-",
			"enPassant": "-",
			"halfmove": 2,
			"fullmove": 8,
			"moves": "Ne3+ Kf2 Nxd1+",
			"moveCounter": 2,
			"level": 120
		},
		{
			"board": "2k2r1r/1pqbQ3/p1npp2p/2p1b1p1/P1B1P1N1/2NP2BP/1PP2PP1/R4RK1",
			"color": "b",
			"castling": "-",
			"enPassant": "-",
			"halfmove": 0,
			"fullmove": 15,
			"moves": "Nxe7 Nxe5 dxe5",
			"moveCounter": 2,
			"level": 121
		},
		{
			"board": "1k1r1b1r/1pp1p3/p1q2p1n/3pPbpp/PP1P4/2N2N1P/2P2PP1/R1BQR1K1",
			"color": "b",
			"castling": "-",
			"enPassant": "-",
			"halfmove": 0,
			"fullmove": 13,
			"moves": "Qxc3 Bd2 Qc4",
			"moveCounter": 2,
			"level": 122
		},
		{
			"board": "r4rk1/pp3pbp/3p1qp1/2p1p3/2PnP1b1/P1NP1N2/1P2BPPP/1R1Q1RK1",
			"color": "w",
			"castling": "-",
			"enPassant": "-",
			"halfmove": 1,
			"fullmove": 12,
			"moves": "Nxd4 Bd7 Nc2",
			"moveCounter": 2,
			"level": 123
		},
		{
			"board": "r1b2rk1/ppqnpp1p/2p2bp1/2NpN3/3P4/3BP3/PPP2PPP/R2Q1RK1",
			"color": "b",
			"castling": "-",
			"enPassant": "-",
			"halfmove": 7,
			"fullmove": 11,
			"moves": "Nxc5 f4 Nxd3",
			"moveCounter": 2,
			"level": 124
		},
		{
			"board": "rn1k1bnr/ppp3p1/3p1p2/3Npq2/2PP3p/1Q2PBP1/PP3P1P/R1B2RK1",
			"color": "b",
			"castling": "-",
			"enPassant": "-",
			"halfmove": 3,
			"fullmove": 11,
			"moves": "Qxf3 Qd1 Qxd1",
			"moveCounter": 2,
			"level": 125
		},
		{
			"board": "r4rk1/1ppq1ppp/p1n2b2/4p3/PPB1Nnb1/1QPP1N2/1B3PPP/R3R1K1",
			"color": "b",
			"castling": "-",
			"enPassant": "-",
			"halfmove": 5,
			"fullmove": 14,
			"moves": "Bxf3 Be6 fxe6",
			"moveCounter": 2,
			"level": 126
		},
		{
			"board": "rnb1r1k1/1p3pp1/2pq1n2/p2p2Np/1b1B3P/2NQ2PB/PPP1PP2/2KR3R",
			"color": "w",
			"castling": "-",
			"enPassant": "-",
			"halfmove": 6,
			"fullmove": 13,
			"moves": "Bxc8 Rxc8 Bxf6",
			"moveCounter": 2,
			"level": 127
		},
		{
			"board": "rn1q1rk1/1b3ppp/p1pbpn2/1p2N3/3P4/PBNQP3/1P3PPP/R1B2RK1",
			"color": "b",
			"castling": "-",
			"enPassant": "-",
			"halfmove": 5,
			"fullmove": 11,
			"moves": "Bxe5 Bc2 Bc7",
			"moveCounter": 2,
			"level": 128
		},
		{
			"board": "r3qrk1/pbpn2pp/1p1pp3/5p2/2PPnB2/P1PBP3/2QN1PPP/2KR3R",
			"color": "b",
			"castling": "-",
			"enPassant": "-",
			"halfmove": 3,
			"fullmove": 13,
			"moves": "Nxf2 Rhg1 Nxd1",
			"moveCounter": 2,
			"level": 129
		},
		{
			"board": "r1b2rk1/pp1nbppp/1qpp1n2/4P1B1/3N1P2/2NB4/PPP3PP/R2Q1RK1",
			"color": "b",
			"castling": "-",
			"enPassant": "-",
			"halfmove": 0,
			"fullmove": 10,
			"moves": "Qxd4+ Kh1 dxe5",
			"moveCounter": 2,
			"level": 130
		},
		{
			"board": "r1b1qrk1/4b1pp/ppn1p3/3pP3/1PpP3n/P1P1BN2/2BN1RPP/R2Q2K1",
			"color": "w",
			"castling": "-",
			"enPassant": "-",
			"halfmove": 1,
			"fullmove": 16,
			"moves": "Nxh4 Rxf2 Bxf2",
			"moveCounter": 2,
			"level": 131
		},
		{
			"board": "rn2k2r/1b1p1ppp/p3pn2/q1b3B1/1p2P3/1BN2N2/PPP2PPP/R2QR1K1",
			"color": "b",
			"castling": "-",
			"enPassant": "-",
			"halfmove": 1,
			"fullmove": 12,
			"moves": "bxc3 Bxf6 gxf6",
			"moveCounter": 2,
			"level": 132
		},
		{
			"board": "rnbq1rk1/pp2b1pp/2p1p3/1P1pN1B1/3Pp3/6P1/P1P1PPBP/R2Q1RK1",
			"color": "b",
			"castling": "-",
			"enPassant": "-",
			"halfmove": 1,
			"fullmove": 11,
			"moves": "Bxg5 f4 exf3",
			"moveCounter": 2,
			"level": 133
		},
		{
			"board": "2k3q1/bppbn2r/p2p1p1r/PP2p1p1/2B1P1p1/3P1PB1/2P1NRPN/R5QK",
			"color": "w",
			"castling": "-",
			"enPassant": "-",
			"halfmove": 1,
			"fullmove": 24,
			"moves": "Bxg8 Nxg8 b6",
			"moveCounter": 2,
			"level": 134
		},
		{
			"board": "r1bq1rk1/1p2ppbp/p1np1np1/8/3BP3/P1N1Q3/1PP2PPP/2KR1BNR",
			"color": "b",
			"castling": "-",
			"enPassant": "-",
			"halfmove": 5,
			"fullmove": 10,
			"moves": "Ng4 Qe1 Bxd4",
			"moveCounter": 2,
			"level": 135
		},
		{
			"board": "3qB1k1/5pp1/1p3n1p/8/5Q2/2r1P1B1/P1n1KP1P/R6R",
			"color": "b",
			"castling": "-",
			"enPassant": "-",
			"halfmove": 0,
			"fullmove": 28,
			"moves": "Qd3+ Kf3 Ne1+ Rhxe1 Qd5+ Qe4 Qxe4+ Ke2 Rc2+ Kd1 Qd3#",
			"moveCounter": 6,
			"level": 136
		},
		{
			"board": "8/6kp/p2p3b/2pPpp1Q/2P1pq2/1P5P/P5P1/3B3K",
			"color": "b",
			"castling": "-",
			"enPassant": "-",
			"halfmove": 9,
			"fullmove": 34,
			"moves": "Qf1+ Kh2 Bf4+ g3 Bxg3+ Kxg3 Qg1+ Kh4 Qf2+ Kg5 Qf4#",
			"moveCounter": 6,
			"level": 137
		},
		{
			"board": "6r1/1bq2k2/5r2/p2pR1p1/1p1P2Q1/3B1P2/P1P4P/4R1K1",
			"color": "w",
			"castling": "-",
			"enPassant": "-",
			"halfmove": 0,
			"fullmove": 31,
			"moves": "Qh5+ Rgg6 Bxg6+ Rxg6 Re6 Kf8 Qxg6 Qxh2+ Kxh2 b3 Rf6#",
			"moveCounter": 6,
			"level": 138
		},
		{
			"board": "8/p1p2pk1/1p1p1pp1/1N1P1q2/2PQ4/7r/PP3P2/4RK2",
			"color": "b",
			"castling": "-",
			"enPassant": "-",
			"halfmove": 1,
			"fullmove": 25,
			"moves": "Qf3 Qxf6+ Kxf6 Re6+ fxe6 Ke1 Qd3 f3 Qc2 a3 Rh1#",
			"moveCounter": 6,
			"level": 139
		},
		{
			"board": "1q6/5r1k/2n4p/p3p1p1/P2pP1P1/1B3N2/1BQ3K1/R6R",
			"color": "w",
			"castling": "-",
			"enPassant": "-",
			"halfmove": 3,
			"fullmove": 46,
			"moves": "Qxc6 Qf8 Bxf7 Qg7 Rab1 d3 Bxe5 Qf6 Qxf6 d2 Rxh6#",
			"moveCounter": 6,
			"level": 140
		},
		{
			"board": "2R2rk1/p4p1p/1p2pQp1/3rP3/5P2/q2p2P1/6KP/2R5",
			"color": "w",
			"castling": "-",
			"enPassant": "-",
			"halfmove": 0,
			"fullmove": 31,
			"moves": "R1c7 Rd7 Rxd7 Qb2+ Kh3 Qxh2+ Kxh2 d2 Rxf8+ Kxf8 Qxf7#",
			"moveCounter": 6,
			"level": 141
		},
		{
			"board": "3r2r1/2Qn1pk1/p1p1p2p/1p2Pq2/5P1K/6P1/2P3BP/8",
			"color": "b",
			"castling": "-",
			"enPassant": "-",
			"halfmove": 2,
			"fullmove": 37,
			"moves": "Nf8 g4 Qxf4 Kh3 Qe3+ Bf3 Qxf3+ Kh4 Ng6+ Kh5 Qh3#",
			"moveCounter": 6,
			"level": 142
		},
		{
			"board": "5qk1/2p2p1p/p3p1pP/2n1P1Q1/1p3P2/P3P3/1P2K3/1r6",
			"color": "b",
			"castling": "-",
			"enPassant": "-",
			"halfmove": 0,
			"fullmove": 30,
			"moves": "Qa8 Qxg6+ fxg6 e4 Qd8 Kf2 Qd3 axb4 Rxb2+ Ke1 Qb1#",
			"moveCounter": 6,
			"level": 143
		},
		{
			"board": "8/4Q1pk/p4r2/1p2p1q1/2p1n1P1/1PP2p1P/P1N5/3R2K1",
			"color": "b",
			"castling": "-",
			"enPassant": "-",
			"halfmove": 1,
			"fullmove": 40,
			"moves": "Qf4 Kh1 Nf2+ Kg1 Nxd1 Kf1 Qd2 Qxg7+ Kxg7 a3 Qf2#",
			"moveCounter": 6,
			"level": 144
		},
		{
			"board": "1Qbk3r/3n1ppp/1p6/1P6/7b/8/1PP2PPP/R2R2K1",
			"color": "w",
			"castling": "-",
			"enPassant": "-",
			"halfmove": 0,
			"fullmove": 22,
			"moves": "Ra7 Ke7 Qd6+ Ke8 Ra8 Bxf2+ Kxf2 f6 Qxd7+ Kf8 Rxc8#",
			"moveCounter": 6,
			"level": 145
		},
		{
			"board": "4rr2/p1p3k1/1p1pq1pN/1P4P1/3b3Q/8/P2B4/1R3R1K",
			"color": "b",
			"castling": "-",
			"enPassant": "-",
			"halfmove": 0,
			"fullmove": 31,
			"moves": "Qd5+ Kh2 Re2+ Rf2 Rexf2+ Qxf2 Rxf2+ Kg3 Qf3+ Kh4 Rh2#",
			"moveCounter": 6,
			"level": 146
		},
		{
			"board": "7r/p1Qb1Npp/1p3p2/4n2k/2P5/6R1/P4qPP/5B1K",
			"color": "w",
			"castling": "-",
			"enPassant": "-",
			"halfmove": 14,
			"fullmove": 38,
			"moves": "Qxe5+ Kh4 Qe4+ Kh5 Be2+ Qxe2 Qxe2+ Kh4 Rh3+ Bxh3 g3#",
			"moveCounter": 6,
			"level": 147
		},
		{
			"board": "b2kr3/pq3p2/1p1p1p1p/2p5/8/5P2/PPP3PP/3R1K2",
			"color": "b",
			"castling": "-",
			"enPassant": "-",
			"halfmove": 2,
			"fullmove": 23,
			"moves": "Qe7 Kf2 Qe2+ Kg3 Rg8+ Kh4 Qf2+ Kh5 Bxf3+ gxf3 Qxh2#",
			"moveCounter": 6,
			"level": 148
		},
		{
			"board": "r5k1/ppp2pp1/2n4q/8/3P3P/1P6/1PP1rP2/K5RR",
			"color": "b",
			"castling": "-",
			"enPassant": "-",
			"halfmove": 0,
			"fullmove": 26,
			"moves": "Nb4 Kb1 Qa6 Rxg7+ Kxg7 Rg1+ Kf6 Rg6+ fxg6 c3 Re1#",
			"moveCounter": 6,
			"level": 149
		},
		{
			"board": "4r3/p5p1/PknQb3/5pP1/2p4P/1qB1P3/1P6/3RKR2",
			"color": "w",
			"castling": "-",
			"enPassant": "-",
			"halfmove": 8,
			"fullmove": 43,
			"moves": "Bd4+ Kb5 Rxf5+ Bxf5 Qc5+ Kxa6 Qxc6+ Ka5 Ra1+ Kb4 Bc5#",
			"moveCounter": 6,
			"level": 150
		},
		{
			"board": "1r3Q2/1bkpp3/p7/1pP5/4P3/P7/1PP2PPP/3R1RK1",
			"color": "w",
			"castling": "-",
			"enPassant": "-",
			"halfmove": 1,
			"fullmove": 30,
			"moves": "Rxd7+ Kxd7 Rd1+ Kc6 Qxb8 b4 Qa7 Kc7 Qb6+ Kc8 Rd8#",
			"moveCounter": 6,
			"level": 151
		},
		{
			"board": "6rk/2p2R1p/p1p1r3/3qP3/3P2Q1/2P5/P1P3PP/5RK1",
			"color": "w",
			"castling": "-",
			"enPassant": "-",
			"halfmove": 1,
			"fullmove": 20,
			"moves": "Rxh7+ Kxh7 Rf7+ Kh6 Qh3+ Kg5 Rf5+ Kg6 Qh5+ Kg7 Rf7#",
			"moveCounter": 6,
			"level": 152
		},
		{
			"board": "r5k1/p6p/bp2p1p1/8/3b2q1/1PN5/P1PP2QK/R1B5",
			"color": "b",
			"castling": "-",
			"enPassant": "-",
			"halfmove": 9,
			"fullmove": 27,
			"moves": "Qh4+ Qh3 Be5+ Kg2 Qg5+ Kf2 Rf8+ Ke1 Qg1+ Qf1 Rxf1#",
			"moveCounter": 6,
			"level": 153
		},
		{
			"board": "r6r/pp4pp/3kpp2/B2p1q2/7Q/8/P4PPP/4R1K1",
			"color": "w",
			"castling": "-",
			"enPassant": "-",
			"halfmove": 2,
			"fullmove": 21,
			"moves": "Qb4+ Kd7 Qxb7+ Ke8 Bb4 Qxf2+ Kxf2 Kd8 Rc1 d4 Qe7#",
			"moveCounter": 6,
			"level": 154
		},
		{
			"board": "r4k1r/pp1b2pp/5p2/8/8/5QB1/P1p1R1PP/1q2R2K",
			"color": "w",
			"castling": "-",
			"enPassant": "-",
			"halfmove": 4,
			"fullmove": 25,
			"moves": "Bd6+ Kf7 Qh5+ g6 Re7+ Kg8 Qd5+ Be6 Qxe6+ Kf8 Rc7#",
			"moveCounter": 6,
			"level": 155
		},
		{
			"board": "7k/1p4rp/pR1p1q2/P1pP1p1Q/2P1pP1P/7K/6P1/8",
			"color": "b",
			"castling": "-",
			"enPassant": "-",
			"halfmove": 2,
			"fullmove": 43,
			"moves": "Qc3+ Qf3 exf3 g4 Qc1 Kg3 Qe1+ Kxf3 Rxg4 h5 Rg3#",
			"moveCounter": 6,
			"level": 156
		},
		{
			"board": "r2q2k1/1pp1r1b1/p1np2QB/3N4/8/3B4/PPP2P2/2K5",
			"color": "w",
			"castling": "-",
			"enPassant": "-",
			"halfmove": 3,
			"fullmove": 29,
			"moves": "Qh7+ Kf8 Qh8+ Kf7 Qxg7+ Ke6 Nf4+ Kd7 Bf5+ Ke8 Qf8#",
			"moveCounter": 6,
			"level": 157
		},
		{
			"board": "5rk1/1pp5/2n1qp1Q/4P3/8/PpP2N2/1P3PPP/4R1K1",
			"color": "w",
			"castling": "-",
			"enPassant": "-",
			"halfmove": 3,
			"fullmove": 27,
			"moves": "Qg6+ Kh8 Re4 Qc4 Rxc4 Nd4 Rxd4 Rf7 Rd8+ Rf8 Rxf8#",
			"moveCounter": 6,
			"level": 158
		},
		{
			"board": "1N6/2R5/3P2k1/4Ppp1/p4p1p/P6P/qPQ2PP1/2K4R",
			"color": "w",
			"castling": "-",
			"enPassant": "-",
			"halfmove": 1,
			"fullmove": 32,
			"moves": "Qc6 Qa1+ Kc2 Qb1+ Kxb1 Kh5 Qb7 Kg6 Rh7 f3 Qf7#",
			"moveCounter": 6,
			"level": 159
		},
		{
			"board": "1r4k1/6bp/6p1/1b4N1/pP1pP1P1/2pP2q1/2Q1B3/3K1R2",
			"color": "w",
			"castling": "-",
			"enPassant": "-",
			"halfmove": 0,
			"fullmove": 34,
			"moves": "Qa2+ Bc4 Qxc4+ Kh8 Nf7+ Kg8 Nh6+ Kh8 Qg8+ Rxg8 Nf7#",
			"moveCounter": 6,
			"level": 160
		},
		{
			"board": "1R6/4kp2/5Npb/4p2p/p1PpP3/P2P4/5PPP/5RK1",
			"color": "w",
			"castling": "-",
			"enPassant": "-",
			"halfmove": 15,
			"fullmove": 38,
			"moves": "Nd5+ Kd7 Rfb1 Bc1 R1b7+ Ke6 Ra7 Kd6 Rc7 h4 Rb6#",
			"moveCounter": 6,
			"level": 161
		},
		{
			"board": "4rk2/p1p5/1pP2Ppp/4Q3/1P6/5pP1/P2q1P1P/5RK1",
			"color": "w",
			"castling": "-",
			"enPassant": "-",
			"halfmove": 2,
			"fullmove": 31,
			"moves": "Qxc7 Qxf2+ Rxf2 Re1+ Rf1 f2+ Kg2 Ke8 Qg7 b5 Qg8#",
			"moveCounter": 6,
			"level": 162
		},
		{
			"board": "5k2/pbp2N2/1p5p/n5p1/2B3P1/2B5/PPP2PP1/4R1K1",
			"color": "w",
			"castling": "-",
			"enPassant": "-",
			"halfmove": 1,
			"fullmove": 23,
			"moves": "Nh8 Be4 Rxe4 Nxc4 Ng6+ Kg8 Re7 Ne5 Bxe5 b5 Rg7#",
			"moveCounter": 6,
			"level": 163
		},
		{
			"board": "1R5r/p1Q2pp1/4p1k1/2b4q/2P2P1P/2B3P1/P5K1/5R2",
			"color": "b",
			"castling": "-",
			"enPassant": "-",
			"halfmove": 2,
			"fullmove": 30,
			"moves": "Qe2+ Rf2 Qxf2+ Kh3 Qf1+ Kh2 Qg1+ Kh3 Qh1+ Kg4 f5#",
			"moveCounter": 6,
			"level": 164
		},
		{
			"board": "r3r3/5p1k/2p2B2/pp1p3P/3P4/1P4R1/PKP2n2/7q",
			"color": "b",
			"castling": "-",
			"enPassant": "-",
			"halfmove": 5,
			"fullmove": 28,
			"moves": "Nd1+ Ka1 Nc3+ Kb2 Qb1+ Kxc3 b4+ Kd2 Qe1+ Kd3 Qd1#",
			"moveCounter": 6,
			"level": 165
		},
		{
			"board": "8/1k1p1r2/bp3n1p/8/R2QPq2/R4P2/1PP3PP/6K1",
			"color": "b",
			"castling": "-",
			"enPassant": "-",
			"halfmove": 2,
			"fullmove": 22,
			"moves": "Qc1+ Qd1 Qxd1+ Kf2 Qd2+ Kg3 Rg7+ Kh4 Qxg2 b3 Qxh2#",
			"moveCounter": 6,
			"level": 166
		},
		{
			"board": "2rkr3/3b1p2/p2p4/1p1P3p/1P3B1N/6Pp/5Q1K/4R3",
			"color": "w",
			"castling": "-",
			"enPassant": "-",
			"halfmove": 5,
			"fullmove": 36,
			"moves": "Bg5+ Re7 Bxe7+ Ke8 Bxd6+ Be6 Rxe6+ fxe6 Qf8+ Kd7 Qe7#",
			"moveCounter": 6,
			"level": 167
		},
		{
			"board": "5rk1/ppp2p1p/5p2/5Q2/8/2P1q2P/P2rB2P/1K3R2",
			"color": "b",
			"castling": "-",
			"enPassant": "-",
			"halfmove": 0,
			"fullmove": 20,
			"moves": "Qxc3 Qg4+ Kh8 Qg7+ Kxg7 Rg1+ Kh6 Rg6+ fxg6 a3 Qb2#",
			"moveCounter": 6,
			"level": 168
		},
		{
			"board": "k4r2/1p6/p1R3Qp/B2p4/3P3q/4P3/PP3n1P/4KR2",
			"color": "w",
			"castling": "-",
			"enPassant": "-",
			"halfmove": 0,
			"fullmove": 28,
			"moves": "Rxa6+ bxa6 Qc6+ Kb8 Bc7+ Kc8 Bb6+ Kb8 Qc7+ Ka8 Qa7#",
			"moveCounter": 6,
			"level": 169
		},
		{
			"board": "1k4r1/1r3p1p/6p1/3Qp2b/P1P1P3/3P1P1P/3q2PK/8",
			"color": "b",
			"castling": "-",
			"enPassant": "-",
			"halfmove": 0,
			"fullmove": 41,
			"moves": "Qf4+ Kg1 Rb1+ Kf2 Qd2+ Kg3 Qg5+ Kf2 Rb2+ Ke1 Qc1#",
			"moveCounter": 6,
			"level": 170
		},
		{
			"board": "2rR2k1/pp3p1p/5pp1/8/4rPK1/2P5/PP3q2/R2Q4",
			"color": "b",
			"castling": "-",
			"enPassant": "-",
			"halfmove": 1,
			"fullmove": 27,
			"moves": "Rxd8 Qxd8+ Kg7 Qd2 Qxd2 Kg3 Re3+ Kh4 Qd5 a3 Qh5#",
			"moveCounter": 6,
			"level": 171
		},
		{
			"board": "5k2/6pp/1qNp4/1P1P4/B1P3P1/4p1n1/1BQ3PK/1N6",
			"color": "w",
			"castling": "-",
			"enPassant": "-",
			"halfmove": 0,
			"fullmove": 29,
			"moves": "Qxh7 Nh5 gxh5 Qb7 h6 gxh6 Qxb7 e2 Qe7+ Kg8 Qg7#",
			"moveCounter": 6,
			"level": 172
		},
		{
			"board": "r6r/p4pkp/1p2p3/3p4/1n4P1/7q/PPR1Q3/1K3R2",
			"color": "w",
			"castling": "-",
			"enPassant": "-",
			"halfmove": 0,
			"fullmove": 33,
			"moves": "Qe5+ Kg8 Qg5+ Kf8 Rxf7+ Kxf7 Rc7+ Kf8 Qe7+ Kg8 Qf7#",
			"moveCounter": 6,
			"level": 173
		},
		{
			"board": "6k1/2p1r1pp/p7/1pb2q2/8/3P3P/PPPQ2P1/5R1K",
			"color": "b",
			"castling": "-",
			"enPassant": "-",
			"halfmove": 1,
			"fullmove": 26,
			"moves": "Qxf1+ Kh2 Bf2 Qc1 Qxc1 h4 Qe3 Kh1 Qg3 a3 Qxh4#",
			"moveCounter": 6,
			"level": 174
		},
		{
			"board": "r6r/1p3pk1/p3p3/4P1pp/1Q6/2P5/PP3R1P/R5K1",
			"color": "w",
			"castling": "-",
			"enPassant": "-",
			"halfmove": 2,
			"fullmove": 28,
			"moves": "Qe7 Rh6 Raf1 Kh8 Rxf7 Rg8 R1f6 Rgg6 Qd8+ Rg8 Rxh6#",
			"moveCounter": 6,
			"level": 175
		},
		{
			"board": "3r2r1/2k1b3/3p1p1Q/np2p3/1K2P2P/2PR2P1/5P2/3R4",
			"color": "b",
			"castling": "-",
			"enPassant": "-",
			"halfmove": 1,
			"fullmove": 37,
			"moves": "d5+ Kxb5 Ra8 Qf8 Rgxf8 Ka4 Rfb8 Rxd5 Nb3+ Ra5 Rxa5#",
			"moveCounter": 6,
			"level": 176
		},
		{
			"board": "r3r2k/1p4p1/p2p1pQP/2p5/4R2P/4RK2/P4P2/3q4",
			"color": "w",
			"castling": "-",
			"enPassant": "-",
			"halfmove": 1,
			"fullmove": 36,
			"moves": "Kg2 Re7 Rxe7 Qg4+ Qxg4 g5 Qd7 Rf8 Re8 c4 Rxf8#",
			"moveCounter": 6,
			"level": 177
		},
		{
			"board": "7k/1R2PBbp/p5p1/2pPq3/2P5/2n4P/P1Q3P1/6K1",
			"color": "b",
			"castling": "-",
			"enPassant": "-",
			"halfmove": 0,
			"fullmove": 34,
			"moves": "Qe1+ Kh2 Be5+ g3 Qxg3+ Kh1 Qxh3+ Kg1 Bd4+ Qf2 Ne2#",
			"moveCounter": 6,
			"level": 178
		},
		{
			"board": "r2k2r1/3b1p2/p2p4/1p1P3p/1P3B1N/Q5Pp/7K/4R3",
			"color": "w",
			"castling": "-",
			"enPassant": "-",
			"halfmove": 1,
			"fullmove": 34,
			"moves": "Qa5+ Kc8 Qb6 Rg6 Nf5 Re6 Bxd6 Re2+ Rxe2 h4 Ne7#",
			"moveCounter": 6,
			"level": 179
		},
		{
			"board": "4r1k1/p4p2/1p4p1/2pQP2p/2P3q1/1P4P1/P4RKP/8",
			"color": "w",
			"castling": "-",
			"enPassant": "-",
			"halfmove": 0,
			"fullmove": 32,
			"moves": "Qxf7+ Kh8 Qxe8+ Kh7 Rf7+ Kh6 Qf8+ Kg5 Qe7+ Kh6 Rh7#",
			"moveCounter": 6,
			"level": 180
		},
		{
			"board": "7r/6p1/1p2R2p/p1p2p2/2kp1N2/P4P2/1P4PP/2KR4",
			"color": "w",
			"castling": "-",
			"enPassant": "-",
			"halfmove": 0,
			"fullmove": 26,
			"moves": "Rxb6 a4 Kd2 d3 Rc1+ Kd4 Nxd3 Rd8 Rxc5 f4 Rb4#",
			"moveCounter": 6,
			"level": 181
		},
		{
			"board": "5rk1/4p3/1qB3pp/p1pP4/3b4/1PN3Pb/P2n1P2/R3R2K",
			"color": "b",
			"castling": "-",
			"enPassant": "-",
			"halfmove": 1,
			"fullmove": 27,
			"moves": "Rxf2 Re3 Bxe3 d6 Qxc6+ Ne4 Qxe4+ Kg1 Re2#",
			"moveCounter": 5,
			"level": 182
		},
		{
			"board": "r7/pR2bk1N/4ppr1/2p5/3p4/P2PnQ1P/2q3PB/1R4K1",
			"color": "w",
			"castling": "-",
			"enPassant": "-",
			"halfmove": 6,
			"fullmove": 28,
			"moves": "Rxe7+ Kxe7 Qb7+ Ke8 Qxa8+ Kd7 Qxa7+ Kc6 Qb7#",
			"moveCounter": 5,
			"level": 183
		},
		{
			"board": "5kr1/Q3bb2/Bn6/2p5/3pN3/R2PP1P1/1PPB1P1q/3R1K2",
			"color": "b",
			"castling": "-",
			"enPassant": "-",
			"halfmove": 0,
			"fullmove": 37,
			"moves": "Qh1+ Ke2 Bh5+ g4 Bxg4+ f3 Qxf3+ Ke1 Qe2#",
			"moveCounter": 5,
			"level": 184
		},
		{
			"board": "2q3kr/p6p/1p2Rp1Q/3p4/1n1P4/PK4PB/1P1N1P1P/2r5",
			"color": "b",
			"castling": "-",
			"enPassant": "-",
			"halfmove": 6,
			"fullmove": 24,
			"moves": "Qc2+ Kxb4 Qxb2+ Ka4 Rc4+ Nxc4 Qc2+ Kb4 Qxc4#",
			"moveCounter": 5,
			"level": 185
		},
		{
			"board": "rn1q1knr/2p5/p3b2p/1p3p1B/8/1Q6/P4PPK/R1BR4",
			"color": "w",
			"castling": "-",
			"enPassant": "-",
			"halfmove": 0,
			"fullmove": 18,
			"moves": "Rxd8+ Ke7 Re8+ Kd6 Rxe6+ Kd7 Qd5+ Kc8 Re8#",
			"moveCounter": 5,
			"level": 186
		},
		{
			"board": "2kr3r/ppp2ppp/4pn2/7q/2R4P/1P6/P1Q3B1/1K5R",
			"color": "w",
			"castling": "-",
			"enPassant": "-",
			"halfmove": 8,
			"fullmove": 22,
			"moves": "Rxc7+ Kb8 Rxb7+ Ka8 Rb4+ Qd5 Qc6+ Qxc6 Bxc6#",
			"moveCounter": 5,
			"level": 187
		},
		{
			"board": "5rk1/6pp/p3p3/1p2B3/1PbP2B1/Q3b1P1/2q4P/1R3R1K",
			"color": "b",
			"castling": "-",
			"enPassant": "-",
			"halfmove": 6,
			"fullmove": 34,
			"moves": "Qxb1 Qc1 Qxc1 Bxe6+ Bxe6 h4 Qxf1+ Kh2 Rf2#",
			"moveCounter": 5,
			"level": 188
		},
		{
			"board": "8/p1p4p/1p3rpk/2Q5/2P1P1P1/1PNP3P/1P1K1P2/2B4R",
			"color": "w",
			"castling": "-",
			"enPassant": "-",
			"halfmove": 0,
			"fullmove": 21,
			"moves": "Qe7 Rf4 Nd5 Rf7 Qxf7 c6 Kc2+ g5 Qf6#",
			"moveCounter": 5,
			"level": 189
		},
		{
			"board": "r7/p6p/bkp3p1/1p2Q1N1/4PB2/2P4P/P1q3PK/R3R3",
			"color": "w",
			"castling": "-",
			"enPassant": "-",
			"halfmove": 0,
			"fullmove": 26,
			"moves": "Qc7+ Kc5 Qd6+ Kb6 Be3+ Kb7 Qd7+ Kb8 Bf4#",
			"moveCounter": 5,
			"level": 190
		},
		{
			"board": "5rk1/ppp2p1p/6p1/3q4/5n2/2P2Q2/P1R2PPP/4rNK1",
			"color": "b",
			"castling": "-",
			"enPassant": "-",
			"halfmove": 5,
			"fullmove": 23,
			"moves": "Nh3+ gxh3 Qxf3 Rc1 Rxc1 c4 Qxh3 a3 Rxf1#",
			"moveCounter": 5,
			"level": 191
		},
		{
			"board": "r3r1k1/p4p1p/1p4p1/2pq4/3p4/N4PP1/PPP3K1/R6R",
			"color": "b",
			"castling": "-",
			"enPassant": "-",
			"halfmove": 0,
			"fullmove": 29,
			"moves": "Re2+ Kg1 Qe5 Kf1 Qe3 Rh2 Rxh2 b3 Qf2#",
			"moveCounter": 5,
			"level": 192
		},
		{
			"board": "2k3r1/1pp1qp1p/p2p4/2b5/4PP2/1PBP3P/P6K/2R1R3",
			"color": "b",
			"castling": "-",
			"enPassant": "-",
			"halfmove": 0,
			"fullmove": 25,
			"moves": "Qh4 Bg7 Qf2+ Kh1 Rxg7 Rg1 Rxg1+ Rxg1 Qxg1#",
			"moveCounter": 5,
			"level": 193
		},
		{
			"board": "3r2k1/ppp4p/5p1R/2n5/6P1/PbP2nB1/1KP1rN2/7R",
			"color": "b",
			"castling": "-",
			"enPassant": "-",
			"halfmove": 1,
			"fullmove": 25,
			"moves": "Rxc2+ Ka1 Nd2 Rg6+ hxg6 Rh8+ Kxh8 a4 Ra2#",
			"moveCounter": 5,
			"level": 194
		},
		{
			"board": "2rr2k1/3p1p1p/p5pB/1p2PRQ1/3P4/8/PP4qP/4R2K",
			"color": "w",
			"castling": "-",
			"enPassant": "-",
			"halfmove": 0,
			"fullmove": 30,
			"moves": "Kxg2 Rc2+ Kf1 Rdc8 Qf6 Rf2+ Rxf2 b4 Qg7#",
			"moveCounter": 5,
			"level": 195
		},
		{
			"board": "3r3k/pp2b3/6p1/2pB2Pp/4QP1P/P3B3/1PP1q3/1K1R4",
			"color": "w",
			"castling": "-",
			"enPassant": "-",
			"halfmove": 1,
			"fullmove": 32,
			"moves": "Qe5+ Bf6 Qxf6+ Kh7 Bg8+ Kxg8 Rxd8+ Kh7 Rh8#",
			"moveCounter": 5,
			"level": 196
		},
		{
			"board": "3r4/p1pkb1Q1/3p4/1p1B4/3pP3/PP5P/1P3P2/R1BK3R",
			"color": "w",
			"castling": "-",
			"enPassant": "-",
			"halfmove": 1,
			"fullmove": 23,
			"moves": "Qg4+ Ke8 Be6 Rd7 Qg6+ Kd8 Qg8+ Bf8 Qxf8#",
			"moveCounter": 5,
			"level": 197
		},
		{
			"board": "4rr2/7k/6pP/2Pp1qp1/1p1P1pN1/pP3P2/P7/K3RQ2",
			"color": "b",
			"castling": "-",
			"enPassant": "-",
			"halfmove": 6,
			"fullmove": 42,
			"moves": "Qc2 Nf6+ Rxf6 Re7+ Rxe7 Qb1 Qc3+ Qb2 Qxb2#",
			"moveCounter": 5,
			"level": 198
		},
		{
			"board": "1r5r/p1Q2pp1/4pk2/3p2q1/2pP2P1/N1P5/PP6/R3R1K1",
			"color": "b",
			"castling": "-",
			"enPassant": "-",
			"halfmove": 0,
			"fullmove": 23,
			"moves": "Qxg4+ Kf2 Rxb2+ Nc2 Rxc2+ Re2 Rxe2+ Kf1 Rh1#",
			"moveCounter": 5,
			"level": 199
		},
		{
			"board": "k2r3r/p2q1npB/5p2/1R2p2Q/1P6/P1N5/2P2RPP/6K1",
			"color": "w",
			"castling": "-",
			"enPassant": "-",
			"halfmove": 5,
			"fullmove": 25,
			"moves": "Qf3+ e4 Qxe4+ Qd5 Nxd5 a6 Nc7+ Ka7 Rb7#",
			"moveCounter": 5,
			"level": 200
		},
		{
			"board": "5Qk1/5p1p/8/B1pR4/p1P1p1n1/4PqPp/P4P1P/5RK1",
			"color": "b",
			"castling": "-",
			"enPassant": "-",
			"halfmove": 0,
			"fullmove": 29,
			"moves": "Kxf8 Rd8+ Ke7 Rd7+ Kxd7 Rd1+ Qxd1+ Be1 Qxe1#",
			"moveCounter": 5,
			"level": 201
		},
		{
			"board": "1k1r3r/6Rp/2pq1pn1/4p3/2P1P3/2NP1P1P/3K1PB1/R7",
			"color": "b",
			"castling": "-",
			"enPassant": "-",
			"halfmove": 0,
			"fullmove": 30,
			"moves": "Qxd3+ Ke1 Qxc3+ Kf1 Qxa1+ Ke2 Qd1+ Ke3 Rd3#",
			"moveCounter": 5,
			"level": 202
		},
		{
			"board": "2r2rk1/1R5p/4p1p1/p3PpQ1/q2p4/2bP1P1P/6P1/5RK1",
			"color": "w",
			"castling": "-",
			"enPassant": "-",
			"halfmove": 0,
			"fullmove": 27,
			"moves": "Qe7 Rc7 Rxc7 Qd7 Rxd7 Rf7 Qxf7+ Kh8 Qxh7#",
			"moveCounter": 5,
			"level": 203
		},
		{
			"board": "4r2k/1p2P2p/1n6/pNpPp3/2P3Q1/1P6/P5PP/R4rK1",
			"color": "w",
			"castling": "-",
			"enPassant": "-",
			"halfmove": 0,
			"fullmove": 27,
			"moves": "Rxf1 Nd7 Nd6 h5 Qxh5+ Kg7 Rf7+ Kg8 Qh7#",
			"moveCounter": 5,
			"level": 204
		},
		{
			"board": "rn1q3Q/pppbk3/4p3/5p2/2P1N1N1/1P6/P4PP1/4KB2",
			"color": "w",
			"castling": "-",
			"enPassant": "-",
			"halfmove": 6,
			"fullmove": 21,
			"moves": "Qg7+ Ke8 Nef6+ Qxf6 Nxf6+ Kd8 Qf8+ Be8 Qxe8#",
			"moveCounter": 5,
			"level": 205
		},
		{
			"board": "3r2r1/2p1kp1p/2q2p2/4p3/P6N/7b/2P1QPPP/R2R2K1",
			"color": "b",
			"castling": "-",
			"enPassant": "-",
			"halfmove": 3,
			"fullmove": 24,
			"moves": "Rxg2+ Kh1 Rg1+ Kxg1 Rg8+ Qg4 Rxg4+ Ng2 Qxg2#",
			"moveCounter": 5,
			"level": 206
		},
		{
			"board": "3r1r1k/3pR2B/b1pP3R/1pP3p1/pP6/P7/5PPP/6K1",
			"color": "w",
			"castling": "-",
			"enPassant": "-",
			"halfmove": 7,
			"fullmove": 46,
			"moves": "Bb1+ Kg8 Rg6+ Kh8 Rxg5 Rf7 Rxf7 Bb7 Rh7#",
			"moveCounter": 5,
			"level": 207
		},
		{
			"board": "4Q3/2p2ppk/p6p/3p4/1P1Pb3/2P2NPq/P4P1P/4R1K1",
			"color": "b",
			"castling": "-",
			"enPassant": "-",
			"halfmove": 2,
			"fullmove": 24,
			"moves": "Bxf3 Qh8+ Kxh8 Re8+ Kh7 Rh8+ Kxh8 a3 Qg2#",
			"moveCounter": 5,
			"level": 208
		},
		{
			"board": "3r4/pq4b1/1p1p2Bk/6n1/2P2pnN/1PB2p2/P1Q5/4R2K",
			"color": "w",
			"castling": "-",
			"enPassant": "-",
			"halfmove": 1,
			"fullmove": 39,
			"moves": "Nf5+ Kxg6 Ne7+ Kh5 Qg6+ Kh4 Nf5+ Kh3 Qh5#",
			"moveCounter": 5,
			"level": 209
		},
		{
			"board": "6r1/Rb4kp/3p1np1/1p2p1B1/1P2P3/2qP3Q/5PPP/6K1",
			"color": "w",
			"castling": "-",
			"enPassant": "-",
			"halfmove": 5,
			"fullmove": 23,
			"moves": "Rxb7+ Kf8 Bh6+ Ke8 Qe6+ Kd8 Qxd6+ Nd7 Qxd7#",
			"moveCounter": 5,
			"level": 210
		},
		{
			"board": "7r/p1k2r2/2pp3q/2p5/4Np2/3P1KP1/PPP1Q3/R1B1R3",
			"color": "b",
			"castling": "-",
			"enPassant": "-",
			"halfmove": 1,
			"fullmove": 33,
			"moves": "fxg3+ Nf6 Rxf6+ Bf4 Rxf4+ Ke3 Rf1+ Ke4 Re8#",
			"moveCounter": 5,
			"level": 211
		},
		{
			"board": "r5qr/p1R1B3/Q3p3/4P1pk/4pR2/1P2P1Pp/P6P/6K1",
			"color": "w",
			"castling": "-",
			"enPassant": "-",
			"halfmove": 0,
			"fullmove": 25,
			"moves": "g4+ Kg6 Rf6+ Kh7 Bf8+ Qf7 Rcxf7+ Kg8 Rg7#",
			"moveCounter": 5,
			"level": 212
		},
		{
			"board": "1r4nQ/p3nk1p/3p1pp1/4p2q/8/2P1B3/P4P1P/3R2RK",
			"color": "b",
			"castling": "-",
			"enPassant": "-",
			"halfmove": 6,
			"fullmove": 24,
			"moves": "Qf3+ Rg2 Qxd1+ Rg1 Qf3+ Rg2 Rb1+ Bc1 Rxc1#",
			"moveCounter": 5,
			"level": 213
		},
		{
			"board": "2r2rk1/6pp/pb1p4/1p1Pp1P1/1B5q/P7/1PR4R/2Q4K",
			"color": "b",
			"castling": "-",
			"enPassant": "-",
			"halfmove": 1,
			"fullmove": 39,
			"moves": "Qe4+ Rhg2 Rxc2 Qg1 Bxg1 Bd2 Rxd2 b3 Qxg2#",
			"moveCounter": 5,
			"level": 214
		},
		{
			"board": "rn6/2Q4p/4pkpq/1p1p4/rPpP3N/P7/6PP/R5K1",
			"color": "w",
			"castling": "-",
			"enPassant": "-",
			"halfmove": 0,
			"fullmove": 29,
			"moves": "Rf1+ Kg5 Qf4+ Kh5 g4+ Kxh4 Qxh6+ Kxg4 Rf4#",
			"moveCounter": 5,
			"level": 215
		},
		{
			"board": "R7/2B1pk2/1pN1N1pb/3p4/6np/3P4/1PP2rP1/3QR1K1",
			"color": "w",
			"castling": "-",
			"enPassant": "-",
			"halfmove": 0,
			"fullmove": 23,
			"moves": "Qxg4 Rxg2+ Kxg2 h3+ Kf1 Bg7 Ne5+ Bxe5 Rf8#",
			"moveCounter": 5,
			"level": 216
		},
		{
			"board": "2kr1b2/1p3pp1/p7/3p4/1P2P3/P3Kp1p/1qP2Pb1/2R3Q1",
			"color": "b",
			"castling": "-",
			"enPassant": "-",
			"halfmove": 1,
			"fullmove": 24,
			"moves": "Re8 e5 Qc3+ Kf4 Qxe5+ Kg4 Qd4+ Kh5 Re5#",
			"moveCounter": 5,
			"level": 217
		},
		{
			"board": "2rb4/1R1R4/1p2r1pp/p1p1p1k1/4P3/1P3PBP/1P4P1/1K6",
			"color": "w",
			"castling": "-",
			"enPassant": "-",
			"halfmove": 2,
			"fullmove": 36,
			"moves": "h4+ Kh5 Be1 Bxh4 g4+ Kg5 Bd2+ Kf6 Rf7#",
			"moveCounter": 5,
			"level": 218
		},
		{
			"board": "k5r1/2R1nrpR/N1p1N1p1/3pp3/2nP2P1/8/2q2PK1/Q7",
			"color": "b",
			"castling": "-",
			"enPassant": "-",
			"halfmove": 7,
			"fullmove": 32,
			"moves": "Ne3+ Kh3 Rf3+ Kh4 Qxf2+ Kg5 Rf5+ gxf5 Qg3#",
			"moveCounter": 5,
			"level": 219
		},
		{
			"board": "r1b1N2k/5B2/p2p2Qp/1p3PbP/4P3/2N5/PPq2K2/7R",
			"color": "w",
			"castling": "-",
			"enPassant": "-",
			"halfmove": 0,
			"fullmove": 30,
			"moves": "Ne2 Be3+ Kxe3 Qxe4+ Kxe4 d5+ Kd4 b4 Qxh6#",
			"moveCounter": 5,
			"level": 220
		},
		{
			"board": "1r2r1k1/pR4p1/2n1pn1p/3p4/3b4/B2B3P/3N3q/2KQ2R1",
			"color": "w",
			"castling": "-",
			"enPassant": "-",
			"halfmove": 1,
			"fullmove": 26,
			"moves": "Rgxg7+ Kh8 Rh7+ Nxh7 Rxh7+ Kg8 Qg4+ Bg7 Qxg7#",
			"moveCounter": 5,
			"level": 221
		},
		{
			"board": "3rk3/4b1rp/p2BQp2/2pP4/2P4N/6P1/PP3PP1/R5K1",
			"color": "w",
			"castling": "-",
			"enPassant": "-",
			"halfmove": 1,
			"fullmove": 24,
			"moves": "Nf5 Rf7 Bxe7 Rd7 Re1 h5 Bd6+ Kd8 Qe8#",
			"moveCounter": 5,
			"level": 222
		},
		{
			"board": "r1b1r3/2pp1R1p/p2b3k/7B/1P4P1/5K1P/Pq1N4/R7",
			"color": "b",
			"castling": "-",
			"enPassant": "-",
			"halfmove": 3,
			"fullmove": 27,
			"moves": "Bb7+ Ne4 Bxe4+ Ke3 Bb1+ Re7 Rxe7+ Kf3 Qe2#",
			"moveCounter": 5,
			"level": 223
		},
		{
			"board": "2N5/5ppk/p1p4p/1pPp3P/1P3PK1/P3PR2/4n3/7q",
			"color": "b",
			"castling": "-",
			"enPassant": "-",
			"halfmove": 4,
			"fullmove": 39,
			"moves": "g6 hxg6+ fxg6 Rh3 Qg2+ Kh4 g5+ fxg5 Qxg5#",
			"moveCounter": 5,
			"level": 224
		},
		{
			"board": "2b4r/3p1Np1/p5k1/8/Bq1P3Q/1P6/Pr3PPP/R5K1",
			"color": "w",
			"castling": "-",
			"enPassant": "-",
			"halfmove": 1,
			"fullmove": 29,
			"moves": "Nxh8+ Kf5 Qh5+ g5 Qf3+ Ke6 Qe4+ Kf6 Qe5#",
			"moveCounter": 5,
			"level": 225
		},
		{
			"board": "r3r3/pp3ppp/2nP3q/3R4/7N/1P3QPk/P1P5/1K6",
			"color": "w",
			"castling": "-",
			"enPassant": "-",
			"halfmove": 19,
			"fullmove": 28,
			"moves": "Rd1 Qc1+ Kxc1 Re2 Rh1+ Rh2 Rxh2+ Kxh2 Qg2#",
			"moveCounter": 5,
			"level": 226
		},
		{
			"board": "r4rk1/pp3p1p/2p5/4q3/1PPR4/P4PP1/1Q5P/5R1K",
			"color": "w",
			"castling": "-",
			"enPassant": "-",
			"halfmove": 4,
			"fullmove": 29,
			"moves": "Rg4+ Kh8 Qxe5+ f6 Qe7 Rf7 Qxf7 c5 Qxf6#",
			"moveCounter": 5,
			"level": 227
		},
		{
			"board": "2b1rr1k/5pqp/5N2/1PpPP1pQ/p1P5/P2B3P/5PPK/8",
			"color": "w",
			"castling": "-",
			"enPassant": "-",
			"halfmove": 3,
			"fullmove": 33,
			"moves": "Bxh7 Bg4 hxg4 Qxf6 Bg6+ Kg7 Qh7#",
			"moveCounter": 4,
			"level": 228
		},
		{
			"board": "2r2rk1/p4ppp/3bpq2/3p4/3P4/P1BQ1P1P/1P3P2/R4RK1",
			"color": "b",
			"castling": "-",
			"enPassant": "-",
			"halfmove": 0,
			"fullmove": 18,
			"moves": "Qg5+ Kh1 Qf4 Qxh7+ Kxh7 b3 Qh2#",
			"moveCounter": 4,
			"level": 229
		},
		{
			"board": "r1bq3r/pppk1B2/3b4/3Qn3/8/2P5/PP3PP1/RNB2RK1",
			"color": "b",
			"castling": "-",
			"enPassant": "-",
			"halfmove": 2,
			"fullmove": 17,
			"moves": "Rh1+ Kxh1 Qh4+ Kg1 Nf3+ Qxf3 Qh2#",
			"moveCounter": 4,
			"level": 230
		},
		{
			"board": "r6r/p3k1p1/2pp1n2/np2PP2/8/2P1q2P/P1QN2P1/R4R1K",
			"color": "b",
			"castling": "-",
			"enPassant": "-",
			"halfmove": 0,
			"fullmove": 24,
			"moves": "Rxh3+ gxh3 Qxh3+ Kg1 Qg3+ Kh1 Rh8#",
			"moveCounter": 4,
			"level": 231
		},
		{
			"board": "1r4nk/7p/pp1q1Pp1/2pP1rP1/P1P1p3/2N1Q3/1P5R/R5K1",
			"color": "w",
			"castling": "-",
			"enPassant": "-",
			"halfmove": 0,
			"fullmove": 31,
			"moves": "Rxh7+ Kxh7 Qh3+ Nh6 Qxh6+ Kg8 Qg7#",
			"moveCounter": 4,
			"level": 232
		},
		{
			"board": "8/1p2pq1k/pQ1p2pp/1b1Pb3/1P6/P4P1P/2r3P1/1R1R2NK",
			"color": "b",
			"castling": "-",
			"enPassant": "-",
			"halfmove": 1,
			"fullmove": 32,
			"moves": "Qf4 g3 Rh2+ Kxh2 Qxg3+ Kh1 Qh2#",
			"moveCounter": 4,
			"level": 233
		},
		{
			"board": "N1bk3r/pp1p1p2/3bp3/6Kp/2B1Pn2/5P2/PP3P1P/2R2R2",
			"color": "b",
			"castling": "-",
			"enPassant": "-",
			"halfmove": 0,
			"fullmove": 21,
			"moves": "Ng6 Kf6 Rh7 Bxe6 Be7+ Kf5 dxe6#",
			"moveCounter": 4,
			"level": 234
		},
		{
			"board": "r4rk1/5pp1/2Q4p/1p1pP3/1P1P3q/1P3p2/PR3PPP/4R1K1",
			"color": "b",
			"castling": "-",
			"enPassant": "-",
			"halfmove": 0,
			"fullmove": 26,
			"moves": "Qg4 Qg6 fxg6 g3 Qh3 a3 Qg2#",
			"moveCounter": 4,
			"level": 235
		},
		{
			"board": "1r2r1k1/pbpq2pp/1b3p2/2p5/1P1P2P1/P6P/2P4K/R4Q1R",
			"color": "b",
			"castling": "-",
			"enPassant": "-",
			"halfmove": 1,
			"fullmove": 24,
			"moves": "Qd6+ Qf4 Qxf4+ Kg1 Qg3+ Kf1 Qg2#",
			"moveCounter": 4,
			"level": 236
		},
		{
			"board": "r3r1kB/pp2np1p/1q4p1/5b2/3R4/NP2P3/PQ3PPP/6K1",
			"color": "w",
			"castling": "-",
			"enPassant": "-",
			"halfmove": 1,
			"fullmove": 19,
			"moves": "Rd6 Qd4 Qxd4 f6 Qxf6 g5 Qg7#",
			"moveCounter": 4,
			"level": 237
		},
		{
			"board": "r5k1/2p3pp/1p1bp3/3p4/2nPp3/P3P1P1/1BQ2KBq/R3R3",
			"color": "b",
			"castling": "-",
			"enPassant": "-",
			"halfmove": 1,
			"fullmove": 22,
			"moves": "Rf8+ Ke2 Qh5+ g4 Qxg4+ Bf3 Qxf3#",
			"moveCounter": 4,
			"level": 238
		},
		{
			"board": "5rk1/p5b1/q2p2Q1/1ppP3p/P2p2bP/1P6/1BPP2P1/1K2R3",
			"color": "w",
			"castling": "-",
			"enPassant": "-",
			"halfmove": 0,
			"fullmove": 26,
			"moves": "Re7 Rf1+ Bc1 Rxc1+ Kxc1 d3 Qxg7#",
			"moveCounter": 4,
			"level": 239
		},
		{
			"board": "3k1r2/p1qp3Q/2pNpp2/2P3p1/3P4/P2bP1P1/5P1P/1R2R1K1",
			"color": "w",
			"castling": "-",
			"enPassant": "-",
			"halfmove": 4,
			"fullmove": 25,
			"moves": "Qg7 Re8 Qxf6+ Re7 Qf8+ Re8 Qxe8#",
			"moveCounter": 4,
			"level": 240
		},
		{
			"board": "2k3r1/3n1R2/3p4/2pPpPq1/1pP1P1P1/pP3QN1/P3B3/1Kb5",
			"color": "b",
			"castling": "-",
			"enPassant": "-",
			"halfmove": 2,
			"fullmove": 33,
			"moves": "Qd2 Rf8+ Nxf8 Qc3 bxc3 b4 Qb2#",
			"moveCounter": 4,
			"level": 241
		},
		{
			"board": "2r2rk1/pp4pp/5b2/3P1b2/1p6/5N2/PPP3PP/2KR1B1R",
			"color": "b",
			"castling": "-",
			"enPassant": "-",
			"halfmove": 2,
			"fullmove": 20,
			"moves": "Rxc2+ Kb1 Rxb2+ Kc1 Rc8+ Bc4 Rxc4#",
			"moveCounter": 4,
			"level": 242
		},
		{
			"board": "6rk/ppp4p/3p1p2/3P1p2/2P1q3/1P4rP/P2N1RP1/5Q1K",
			"color": "b",
			"castling": "-",
			"enPassant": "-",
			"halfmove": 15,
			"fullmove": 33,
			"moves": "Rxh3+ Kg1 Qh4 g4 Rxg4+ Qg2 Rh1#",
			"moveCounter": 4,
			"level": 243
		},
		{
			"board": "5rk1/1prb1p2/pq4pQ/3pP3/5p2/1P3NR1/P5PP/3R3K",
			"color": "w",
			"castling": "-",
			"enPassant": "-",
			"halfmove": 0,
			"fullmove": 26,
			"moves": "Ng5 Qg1+ Rxg1 Ra8 Qh7+ Kf8 Qxf7#",
			"moveCounter": 4,
			"level": 244
		},
		{
			"board": "1q2rrk1/7p/Qp4p1/1N6/2P1p3/P3P2P/2PB1PKb/R6R",
			"color": "b",
			"castling": "-",
			"enPassant": "-",
			"halfmove": 2,
			"fullmove": 29,
			"moves": "Rxf2+ Kxf2 Qg3+ Kf1 Qf3+ Ke1 Bg3#",
			"moveCounter": 4,
			"level": 245
		},
		{
			"board": "4r1k1/1pp1q1pp/p1b1N1r1/8/2B5/1QP5/P4PPP/4RRK1",
			"color": "b",
			"castling": "-",
			"enPassant": "-",
			"halfmove": 0,
			"fullmove": 21,
			"moves": "Rxg2+ Kh1 Rxh2+ Kxh2 Qh4+ Kg1 Qh1#",
			"moveCounter": 4,
			"level": 246
		},
		{
			"board": "b4r2/5pkp/5npN/2p1p1QP/4P3/p1qP4/4BPP1/5RK1",
			"color": "w",
			"castling": "-",
			"enPassant": "-",
			"halfmove": 0,
			"fullmove": 31,
			"moves": "Nf5+ Kg8 Ne7+ Kg7 h6+ Kh8 Qxf6#",
			"moveCounter": 4,
			"level": 247
		},
		{
			"board": "r1bq4/pppp2p1/6kr/2N1P3/8/8/PP4PP/nN1Q1RK1",
			"color": "w",
			"castling": "-",
			"enPassant": "-",
			"halfmove": 0,
			"fullmove": 13,
			"moves": "Qd3+ Kh5 Qf3+ Kh4 g3+ Kg5 Qf5#",
			"moveCounter": 4,
			"level": 248
		},
		{
			"board": "r4r1k/5n1p/1pp3p1/p2pP3/Pq1P3Q/1B6/2P1K1RP/6R1",
			"color": "w",
			"castling": "-",
			"enPassant": "-",
			"halfmove": 1,
			"fullmove": 33,
			"moves": "Qf6+ Kg8 Rxg6+ hxg6 Qxg6+ Kh8 Qg7#",
			"moveCounter": 4,
			"level": 249
		},
		{
			"board": "2Q2k2/2p2p1p/3b1p2/pp6/3P4/NBPb1P2/PP2q1PP/6K1",
			"color": "b",
			"castling": "-",
			"enPassant": "-",
			"halfmove": 5,
			"fullmove": 27,
			"moves": "Ke7 Qe8+ Kxe8 Bxf7+ Kd8 b3 Qe1#",
			"moveCounter": 4,
			"level": 250
		},
		{
			"board": "6k1/5p2/2Nb1q1p/p1pp1b2/2p4P/1PP1P1p1/P5P1/R5KQ",
			"color": "b",
			"castling": "-",
			"enPassant": "-",
			"halfmove": 3,
			"fullmove": 34,
			"moves": "Qxc3 Ne7+ Bxe7 Rd1 Qxe3+ Kf1 Qf2#",
			"moveCounter": 4,
			"level": 251
		},
		{
			"board": "r7/4k3/p3pNp1/2b1P3/1p1p1qP1/1P1B1b1Q/PBP4P/6K1",
			"color": "w",
			"castling": "-",
			"enPassant": "-",
			"halfmove": 3,
			"fullmove": 29,
			"moves": "Qh7+ Kf8 Qg8+ Ke7 Qg7+ Kd8 Qd7#",
			"moveCounter": 4,
			"level": 252
		},
		{
			"board": "r4rk1/pp3ppp/2pp4/4P3/2bq4/3BR3/P2R1PPP/6K1",
			"color": "b",
			"castling": "-",
			"enPassant": "-",
			"halfmove": 0,
			"fullmove": 22,
			"moves": "Qa1+ Bb1 Qxb1+ Rd1 Qxd1+ Re1 Qxe1#",
			"moveCounter": 4,
			"level": 253
		},
		{
			"board": "4k3/q3b3/3p3Q/2pP1P1N/N2r2pP/1P4P1/P2n1P2/4RRK1",
			"color": "w",
			"castling": "-",
			"enPassant": "-",
			"halfmove": 6,
			"fullmove": 36,
			"moves": "Nf6+ Kd8 Qh8+ Bf8 Qxf8+ Kc7 Re7#",
			"moveCounter": 4,
			"level": 254
		},
		{
			"board": "r7/1p2k1pp/p2pn3/4p3/4Pn2/b2P1P2/P1P3q1/RK1Q2R1",
			"color": "b",
			"castling": "-",
			"enPassant": "-",
			"halfmove": 1,
			"fullmove": 22,
			"moves": "Ne2 Qe1 Nc3+ Qxc3 Qxg1+ Qe1 Qxe1#",
			"moveCounter": 4,
			"level": 255
		},
		{
			"board": "7Q/p1pk1ppp/3b4/8/4p3/2N2P1q/PPPP1P2/R1B1R1K1",
			"color": "b",
			"castling": "-",
			"enPassant": "-",
			"halfmove": 4,
			"fullmove": 21,
			"moves": "Bh2+ Kh1 Bg3+ Kg1 Qh2+ Kf1 Qxf2#",
			"moveCounter": 4,
			"level": 256
		},
		{
			"board": "7Q/r3N3/pp1b1P1p/1kp2pp1/8/1P3P2/b1P3PP/2KRR3",
			"color": "w",
			"castling": "-",
			"enPassant": "-",
			"halfmove": 0,
			"fullmove": 26,
			"moves": "Qe8+ Rd7 Qxd7+ Kb4 Qa4+ Kc3 Nd5#",
			"moveCounter": 4,
			"level": 257
		},
		{
			"board": "k7/p1p1Np1r/Pp1p1Q2/1P1Pp1B1/2r5/8/1q2b1PP/5R1K",
			"color": "w",
			"castling": "-",
			"enPassant": "-",
			"halfmove": 3,
			"fullmove": 38,
			"moves": "Nf5 Rxh2+ Kxh2 Rh4+ Bxh4 e4 Qd8#",
			"moveCounter": 4,
			"level": 258
		},
		{
			"board": "r6r/ppp2p2/1q3k2/1P3pN1/2P2p1P/P2P1B1K/6P1/R2Q4",
			"color": "b",
			"castling": "-",
			"enPassant": "-",
			"halfmove": 2,
			"fullmove": 27,
			"moves": "Qf2 Kh2 Rxh4+ Nh3 Rxh3+ Kxh3 Qg3#",
			"moveCounter": 4,
			"level": 259
		},
		{
			"board": "5rk1/4Qppp/5n2/2p1p3/2P3b1/6P1/PP1Pq2P/R1B2RK1",
			"color": "b",
			"castling": "-",
			"enPassant": "-",
			"halfmove": 0,
			"fullmove": 17,
			"moves": "Bh3 Qxf8+ Kxf8 Rf2 Qd1+ Rf1 Qxf1#",
			"moveCounter": 4,
			"level": 260
		},
		{
			"board": "r6r/pp2kp1p/5np1/q7/3Q4/2N2P2/PPP3PP/1K1R3R",
			"color": "w",
			"castling": "-",
			"enPassant": "-",
			"halfmove": 1,
			"fullmove": 18,
			"moves": "Qd6+ Ke8 Rde1+ Ne4 Rxe4+ Qe5 Rxe5#",
			"moveCounter": 4,
			"level": 261
		},
		{
			"board": "5r2/1b5k/p4pqp/1p1p1Qp1/1P6/P1P3PP/3B1PB1/4R1K1",
			"color": "w",
			"castling": "-",
			"enPassant": "-",
			"halfmove": 1,
			"fullmove": 34,
			"moves": "Re7+ Rf7 Rxf7+ Kh8 Qxg6 d4 Rh7#",
			"moveCounter": 4,
			"level": 262
		},
		{
			"board": "r1r3k1/3b1p2/1p2p1p1/pp3p2/5Q2/2N4R/2R2PPP/q4BK1",
			"color": "w",
			"castling": "-",
			"enPassant": "-",
			"halfmove": 0,
			"fullmove": 31,
			"moves": "Qe5 Qxf1+ Kxf1 f6 Qxf6 a4 Rh8#",
			"moveCounter": 4,
			"level": 263
		},
		{
			"board": "r6r/p3k1p1/2p2n2/np2pP2/8/2P1q2P/P1QN2P1/4RR1K",
			"color": "b",
			"castling": "-",
			"enPassant": "-",
			"halfmove": 1,
			"fullmove": 25,
			"moves": "Rxh3+ gxh3 Qxh3+ Kg1 Qg3+ Kh1 Rh8#",
			"moveCounter": 4,
			"level": 264
		},
		{
			"board": "r3r1k1/pp3ppp/5B2/2P5/1P1p4/PN1P1P1b/4q3/R5QK",
			"color": "b",
			"castling": "-",
			"enPassant": "-",
			"halfmove": 0,
			"fullmove": 22,
			"moves": "Qxf3+ Kh2 Re2+ Qf2 Rxf2+ Kg1 Qg2#",
			"moveCounter": 4,
			"level": 265
		},
		{
			"board": "1r5q/3Qbk2/3B2rp/p1pP2p1/6P1/P3PP2/1P4PR/2K4R",
			"color": "b",
			"castling": "-",
			"enPassant": "-",
			"halfmove": 0,
			"fullmove": 35,
			"moves": "Qxb2+ Kd1 Qb1+ Kd2 Rb2+ Kc3 Qc2#",
			"moveCounter": 4,
			"level": 266
		},
		{
			"board": "4rr2/8/p1p1PP2/2pk3p/3p1BpP/1PnP2K1/P1P2R2/4R3",
			"color": "w",
			"castling": "-",
			"enPassant": "-",
			"halfmove": 7,
			"fullmove": 46,
			"moves": "Bc7 Ne2+ Rexe2 Rxe6 Rf5+ Re5 Rexe5#",
			"moveCounter": 4,
			"level": 267
		},
		{
			"board": "7k/5qp1/r2p3p/p1bQp3/1pP1P1P1/1P5P/3N1r2/R2R3K",
			"color": "b",
			"castling": "-",
			"enPassant": "-",
			"halfmove": 0,
			"fullmove": 32,
			"moves": "Qf4 Qg8+ Kxg8 Nf3 Qxf3+ Kg1 Rd2#",
			"moveCounter": 4,
			"level": 268
		},
		{
			"board": "r3r2k/ppb4q/2p2pQB/3n1N2/3P4/7P/PP3PP1/5RK1",
			"color": "w",
			"castling": "-",
			"enPassant": "-",
			"halfmove": 5,
			"fullmove": 23,
			"moves": "Bg7+ Kg8 Nh6+ Qxh6 Bxh6+ Kh8 Qg7#",
			"moveCounter": 4,
			"level": 269
		},
		{
			"board": "r2q1rk1/3b1pb1/3pp2Q/8/1p1NP3/5P2/1nP5/q1NK2RR",
			"color": "w",
			"castling": "-",
			"enPassant": "-",
			"halfmove": 0,
			"fullmove": 25,
			"moves": "Ke2 Qa6+ Nd3 Qxd3+ cxd3 b3 Rxg7#",
			"moveCounter": 4,
			"level": 270
		},
		{
			"board": "2b1q1k1/2p4p/1p1p1pp1/1PbP4/Q1P5/P2B2P1/3N1P1P/5K2",
			"color": "b",
			"castling": "-",
			"enPassant": "-",
			"halfmove": 1,
			"fullmove": 30,
			"moves": "Bh3+ Kg1 Qe1+ Nf1 Qxf2+ Kh1 Bg2#",
			"moveCounter": 4,
			"level": 271
		},
		{
			"board": "r3r2k/p3P1p1/3R3p/b2p3P/1q3B2/4P3/PpQ2PP1/1K5R",
			"color": "w",
			"castling": "-",
			"enPassant": "-",
			"halfmove": 1,
			"fullmove": 35,
			"moves": "Rxh6+ Kg8 Qh7+ Kf7 Qf5+ Kg8 Qxd5#",
			"moveCounter": 4,
			"level": 272
		},
		{
			"board": "rn6/pp4kp/2p5/6p1/2B1n1P1/2P5/P1PP2PP/R1B2QK1",
			"color": "w",
			"castling": "-",
			"enPassant": "-",
			"halfmove": 2,
			"fullmove": 16,
			"moves": "Qf7+ Kh6 Qf8+ Kg6 Bd3 c5 Bxe4#",
			"moveCounter": 4,
			"level": 273
		},
		{
			"board": "4r1k1/1pp2ppp/p1q5/3r3P/2BPn1b1/PP4P1/1B6/1QK1R1R1",
			"color": "b",
			"castling": "-",
			"enPassant": "-",
			"halfmove": 1,
			"fullmove": 25,
			"moves": "Qh6+ Re3 Qxe3+ Kc2 Qd2#",
			"moveCounter": 3,
			"level": 274
		},
		{
			"board": "3q1rk1/1p3p1p/p2ppPp1/2r5/4b3/1PP1Q2R/2P1N1PP/5R1K",
			"color": "w",
			"castling": "-",
			"enPassant": "-",
			"halfmove": 0,
			"fullmove": 27,
			"moves": "Qh6 Bxg2+ Kg1 a5 Qxh7#",
			"moveCounter": 3,
			"level": 275
		},
		{
			"board": "r2q2k1/pb1n1R1p/1pn1p1BB/3pP3/3P4/2P5/P1Q1N1PP/6K1",
			"color": "w",
			"castling": "-",
			"enPassant": "-",
			"halfmove": 3,
			"fullmove": 19,
			"moves": "Rg7+ Kh8 Rxh7+ Kg8 Bf7#",
			"moveCounter": 3,
			"level": 276
		},
		{
			"board": "4rrk1/1pp1q1pp/8/3n1p2/1P3B2/P2P1bPP/R1P2P2/Q3R1K1",
			"color": "b",
			"castling": "-",
			"enPassant": "-",
			"halfmove": 4,
			"fullmove": 23,
			"moves": "Qxe1+ Qxe1 Rxe1+ Kh2 Rh1#",
			"moveCounter": 3,
			"level": 277
		},
		{
			"board": "r1b2k1r/p1pp1ppp/1p3n2/8/2qn4/2N1Q3/PPP2P1P/2K1R3",
			"color": "w",
			"castling": "-",
			"enPassant": "-",
			"halfmove": 0,
			"fullmove": 17,
			"moves": "Qe7+ Kg8 Qd8+ Ne8 Rxe8#",
			"moveCounter": 3,
			"level": 278
		},
		{
			"board": "8/p1Qp2pk/1p2p1rp/8/3PN1q1/P1P2pP1/2P2P1P/R1B1R1K1",
			"color": "b",
			"castling": "-",
			"enPassant": "-",
			"halfmove": 1,
			"fullmove": 19,
			"moves": "Qh3 Ng5+ Rxg5 a4 Qg2#",
			"moveCounter": 3,
			"level": 279
		},
		{
			"board": "r3rk2/1pqb1p1p/p2p4/2pP1PQ1/2P4p/P7/5PPP/R4RK1",
			"color": "w",
			"castling": "-",
			"enPassant": "-",
			"halfmove": 1,
			"fullmove": 25,
			"moves": "f6 Re2 Qg7+ Ke8 Qg8#",
			"moveCounter": 3,
			"level": 280
		},
		{
			"board": "r4rk1/1bp1bppp/p7/8/1PBqP3/1Q6/P2N1nPP/R4RK1",
			"color": "b",
			"castling": "-",
			"enPassant": "-",
			"halfmove": 3,
			"fullmove": 18,
			"moves": "Nh3+ Kh1 Qg1+ Rxg1 Nf2#",
			"moveCounter": 3,
			"level": 281
		},
		{
			"board": "r1b1r1k1/1p1p4/pnnPP1p1/6p1/2P3N1/PPB5/4B1PP/2K2R2",
			"color": "w",
			"castling": "-",
			"enPassant": "-",
			"halfmove": 7,
			"fullmove": 33,
			"moves": "Rf7 Nd4 Bxd4 a5 Nh6#",
			"moveCounter": 3,
			"level": 282
		},
		{
			"board": "r1q2rk1/pp3Nbp/4P3/2p5/b1np2Q1/P7/3B1PPP/R3R1K1",
			"color": "w",
			"castling": "-",
			"enPassant": "-",
			"halfmove": 0,
			"fullmove": 26,
			"moves": "Bh6 Rxf7 exf7+ Kxf7 Qxg7#",
			"moveCounter": 3,
			"level": 283
		},
		{
			"board": "rn1q4/pbp3p1/1p3PB1/1N2R3/2kp3Q/7P/PPP2PP1/R5K1",
			"color": "w",
			"castling": "-",
			"enPassant": "-",
			"halfmove": 7,
			"fullmove": 22,
			"moves": "Na3+ Kb4 c3+ Ka4 Bc2#",
			"moveCounter": 3,
			"level": 284
		},
		{
			"board": "2rq2k1/ppb2pp1/7p/3nrN1Q/3p4/3B4/PP4PP/R1B2RK1",
			"color": "w",
			"castling": "-",
			"enPassant": "-",
			"halfmove": 0,
			"fullmove": 24,
			"moves": "Nxh6+ gxh6 Qxf7+ Kh8 Qh7#",
			"moveCounter": 3,
			"level": 285
		},
		{
			"board": "r2q1rk1/pb2p2p/1p4pR/2p3N1/1nP5/2N5/PPQ2PP1/1K3R2",
			"color": "w",
			"castling": "-",
			"enPassant": "-",
			"halfmove": 2,
			"fullmove": 21,
			"moves": "Qxg6+ hxg6 Rxg6+ Kh8 Rh1#",
			"moveCounter": 3,
			"level": 286
		},
		{
			"board": "2r2r1k/5pbP/3p2p1/1p1Pp3/pq1p1pQ1/3P4/B1P2P2/K5RR",
			"color": "b",
			"castling": "-",
			"enPassant": "-",
			"halfmove": 1,
			"fullmove": 37,
			"moves": "a3 Bb3 Qc3+ Kb1 Qb2#",
			"moveCounter": 3,
			"level": 287
		},
		{
			"board": "r1b4k/1p1n1Q1p/p3p1p1/3p1p2/3P1K2/1P2P3/2q2PPP/2n2B1R",
			"color": "b",
			"castling": "-",
			"enPassant": "-",
			"halfmove": 0,
			"fullmove": 25,
			"moves": "Qe4+ Kg5 Qg4+ Kh6 Qh4#",
			"moveCounter": 3,
			"level": 288
		},
		{
			"board": "2kr1b1r/2pq1ppp/p1p2n2/8/2Q2P2/3PB3/PP4PP/R4RK1",
			"color": "w",
			"castling": "-",
			"enPassant": "-",
			"halfmove": 0,
			"fullmove": 16,
			"moves": "Qxa6+ Kb8 Qa7+ Kc8 Qa8#",
			"moveCounter": 3,
			"level": 289
		},
		{
			"board": "r1b1r1k1/7p/6p1/p2pP1qn/1ppP4/2P2Q2/PP4PP/R4RK1",
			"color": "w",
			"castling": "-",
			"enPassant": "-",
			"halfmove": 0,
			"fullmove": 25,
			"moves": "Qf7+ Kh8 Qxe8+ Kg7 Qf8#",
			"moveCounter": 3,
			"level": 290
		},
		{
			"board": "r6r/ppp4p/2n3pk/6q1/2P1P1b1/2Q1P2P/PP2B1P1/2KR3R",
			"color": "w",
			"castling": "-",
			"enPassant": "-",
			"halfmove": 1,
			"fullmove": 23,
			"moves": "hxg4+ Qh4 Qf6 Qh5 Rxh5#",
			"moveCounter": 3,
			"level": 291
		},
		{
			"board": "r2q2kr/ppp3pp/8/2b5/4P1Q1/2NP4/PPn3PP/R1BK1R2",
			"color": "b",
			"castling": "-",
			"enPassant": "-",
			"halfmove": 1,
			"fullmove": 13,
			"moves": "Qxd3+ Bd2 Ne3+ Kc1 Qc2#",
			"moveCounter": 3,
			"level": 292
		},
		{
			"board": "r2q1rk1/3b1pb1/3pp3/4n3/1p1NP3/5P2/pPPQN3/2K3RR",
			"color": "w",
			"castling": "-",
			"enPassant": "-",
			"halfmove": 0,
			"fullmove": 22,
			"moves": "Rxg7+ Kxg7 Qh6+ Kg8 Qh7#",
			"moveCounter": 3,
			"level": 293
		},
		{
			"board": "5Q2/1b3Bpk/1p1Bp3/p2pP2p/2rPp3/4q3/PP4PP/5R1K",
			"color": "w",
			"castling": "-",
			"enPassant": "-",
			"halfmove": 0,
			"fullmove": 26,
			"moves": "Qg8+ Kh6 Qh8+ Kg5 Qxh5#",
			"moveCounter": 3,
			"level": 294
		},
		{
			"board": "4r1k1/2p2p1p/p4r2/1p4p1/3P4/1BP2QP1/PP1B1P1K/RN2q3",
			"color": "b",
			"castling": "-",
			"enPassant": "-",
			"halfmove": 1,
			"fullmove": 25,
			"moves": "Rh6+ Qh5 Rxh5+ Kg2 Qh1#",
			"moveCounter": 3,
			"level": 295
		},
		{
			"board": "r4rk1/ppp2pp1/2n5/3b3Q/3PB3/2P4R/P4qPP/R1B3K1",
			"color": "w",
			"castling": "-",
			"enPassant": "-",
			"halfmove": 0,
			"fullmove": 19,
			"moves": "Kxf2 f6 Bxd5+ Rf7 Qxf7#",
			"moveCounter": 3,
			"level": 296
		},
		{
			"board": "r1b3R1/pp1kr3/1q2p3/1N1p2Q1/3P4/P3P1pP/1P1N2P1/2R3K1",
			"color": "w",
			"castling": "-",
			"enPassant": "-",
			"halfmove": 11,
			"fullmove": 27,
			"moves": "Qe5 Re8 Rc7+ Qxc7 Qxc7#",
			"moveCounter": 3,
			"level": 297
		},
		{
			"board": "r5k1/2p1b2p/p3p1pQ/1p2Np2/3r4/6R1/qPP2PPP/3R2K1",
			"color": "w",
			"castling": "-",
			"enPassant": "-",
			"halfmove": 0,
			"fullmove": 21,
			"moves": "Rxg6+ hxg6 Qxg6+ Kh8 Nf7#",
			"moveCounter": 3,
			"level": 298
		},
		{
			"board": "2kr1b1r/Rb6/1p1p4/1N2p3/4P1q1/3QB1Pp/1PP2P1p/R6K",
			"color": "w",
			"castling": "-",
			"enPassant": "-",
			"halfmove": 1,
			"fullmove": 25,
			"moves": "Qc4+ Kd7 Rxb7+ Ke8 Qf7#",
			"moveCounter": 3,
			"level": 299
		},
		{
			"board": "2rq1rk1/4Rp1p/bn3Qp1/p5N1/1np5/1B6/3N1PPP/1R4K1",
			"color": "w",
			"castling": "-",
			"enPassant": "-",
			"halfmove": 2,
			"fullmove": 34,
			"moves": "Nxf7 Rxf7 Qxf7+ Kh8 Qxh7#",
			"moveCounter": 3,
			"level": 300
		},
		{
			"board": "1k4r1/1pr1bp1p/pQ1ppp2/P1N5/1R1qP3/8/5PPP/5RK1",
			"color": "w",
			"castling": "-",
			"enPassant": "-",
			"halfmove": 8,
			"fullmove": 23,
			"moves": "Nxa6+ Ka8 Nxc7+ Kb8 Qxb7#",
			"moveCounter": 3,
			"level": 301
		},
		{
			"board": "3R1rk1/pp3p1p/4p1pP/3bP3/3P4/1P4P1/PB1qBQ1K/5R2",
			"color": "b",
			"castling": "-",
			"enPassant": "-",
			"halfmove": 0,
			"fullmove": 32,
			"moves": "Qxh6+ Bh5 Qxh5+ Kg1 Qh1#",
			"moveCounter": 3,
			"level": 302
		},
		{
			"board": "4kb1r/p2p3p/1pB1p1p1/6B1/3p1Q2/6P1/Pq3P1P/RN2R1K1",
			"color": "w",
			"castling": "-",
			"enPassant": "-",
			"halfmove": 4,
			"fullmove": 19,
			"moves": "Rxe6+ Be7 Rxe7+ Kd8 Qb8#",
			"moveCounter": 3,
			"level": 303
		},
		{
			"board": "r2q4/p1p2p1k/1b1p1n2/1p6/3PP2P/1P5b/1P3P2/RN1QR1K1",
			"color": "b",
			"castling": "-",
			"enPassant": "-",
			"halfmove": 0,
			"fullmove": 21,
			"moves": "Qg8+ Qg4 Qxg4+ Kh2 Qg2#",
			"moveCounter": 3,
			"level": 304
		},
		{
			"board": "3r3r/1pk2p2/p1p3p1/2Pp2Qp/1P1q3P/P2P3B/5P2/R3R1K1",
			"color": "w",
			"castling": "-",
			"enPassant": "-",
			"halfmove": 5,
			"fullmove": 33,
			"moves": "Qg3+ Qe5 Qxe5+ Rd6 Qxd6#",
			"moveCounter": 3,
			"level": 305
		},
		{
			"board": "3r4/ppq1bk2/2p1ppp1/4P2Q/8/2PBP2P/PP3PP1/3R2K1",
			"color": "w",
			"castling": "-",
			"enPassant": "-",
			"halfmove": 0,
			"fullmove": 23,
			"moves": "Bxg6+ Kg8 Qh7+ Kf8 Qf7#",
			"moveCounter": 3,
			"level": 306
		},
		{
			"board": "1k5r/p1r4p/1PBp3p/1QpPp1q1/4p3/6P1/1PP2P2/1K1RR3",
			"color": "w",
			"castling": "-",
			"enPassant": "-",
			"halfmove": 1,
			"fullmove": 30,
			"moves": "bxa7+ Kxa7 Qa5+ Kb8 Qa8#",
			"moveCounter": 3,
			"level": 307
		},
		{
			"board": "8/1kpqb2p/1p1p1n1r/4p3/2Q1P3/1PNP3P/1PP1KPr1/R7",
			"color": "w",
			"castling": "-",
			"enPassant": "-",
			"halfmove": 0,
			"fullmove": 27,
			"moves": "Qa6+ Kc6 Qa4+ Kc5 Qc4#",
			"moveCounter": 3,
			"level": 308
		},
		{
			"board": "4r2r/1pp1Qpk1/p3b1pp/3pP3/3N2P1/8/PBq2P1P/5RK1",
			"color": "w",
			"castling": "-",
			"enPassant": "-",
			"halfmove": 2,
			"fullmove": 25,
			"moves": "Nxe6+ Kg8 Qxe8+ Kh7 Qxf7#",
			"moveCounter": 3,
			"level": 309
		},
		{
			"board": "6r1/2p3qp/3k3b/1B1pNn2/3P1p2/2P5/PP3RbP/R1BQ2K1",
			"color": "b",
			"castling": "-",
			"enPassant": "-",
			"halfmove": 1,
			"fullmove": 23,
			"moves": "Bf3+ Ng6 Qxg6+ Kf1 Qg1#",
			"moveCounter": 3,
			"level": 310
		},
		{
			"board": "4r1k1/pbp2ppp/1p1q4/3pN1B1/3P2P1/2N4P/PPP2Q2/6K1",
			"color": "w",
			"castling": "-",
			"enPassant": "-",
			"halfmove": 2,
			"fullmove": 23,
			"moves": "Qxf7+ Kh8 Qxe8+ Qf8 Qxf8#",
			"moveCounter": 3,
			"level": 311
		},
		{
			"board": "r5k1/1pp2ppp/p5n1/6B1/qPP5/3P2QN/bK2B1PP/4R3",
			"color": "b",
			"castling": "-",
			"enPassant": "-",
			"halfmove": 0,
			"fullmove": 23,
			"moves": "Qb3+ Ka1 Bb1 d4 Qa2#",
			"moveCounter": 3,
			"level": 312
		},
		{
			"board": "8/3n1pk1/b3p1p1/p2pP3/2pP2q1/2P4p/Pr2BP2/R2Q1KN1",
			"color": "b",
			"castling": "-",
			"enPassant": "-",
			"halfmove": 1,
			"fullmove": 34,
			"moves": "Qg2+ Ke1 Qxg1+ Bf1 Qxf2#",
			"moveCounter": 3,
			"level": 313
		},
		{
			"board": "r4rk1/p4p2/b2p3Q/1p1P1N1p/1Pn4q/5n2/P1B1N1P1/R5K1",
			"color": "w",
			"castling": "-",
			"enPassant": "-",
			"halfmove": 1,
			"fullmove": 25,
			"moves": "gxf3 Qg4+ fxg4 h4 Ne7#",
			"moveCounter": 3,
			"level": 314
		},
		{
			"board": "r4k1r/ppp2pp1/2n3q1/1B1Q3p/2P5/5P2/PP3b1P/3RR2K",
			"color": "w",
			"castling": "-",
			"enPassant": "-",
			"halfmove": 0,
			"fullmove": 21,
			"moves": "Qd8+ Rxd8 Rxd8+ Nxd8 Re8#",
			"moveCounter": 3,
			"level": 315
		},
		{
			"board": "2r3r1/ppk2pQ1/1b2b1N1/1B1n4/8/2P4P/PP1q1PP1/R4RK1",
			"color": "w",
			"castling": "-",
			"enPassant": "-",
			"halfmove": 5,
			"fullmove": 25,
			"moves": "Qe5+ Kd8 Qd6+ Bd7 Qxd7#",
			"moveCounter": 3,
			"level": 316
		},
		{
			"board": "rb2Rrk1/pp3p2/3q3p/2p2bNQ/1n6/8/PP3PPP/R5K1",
			"color": "w",
			"castling": "-",
			"enPassant": "-",
			"halfmove": 0,
			"fullmove": 23,
			"moves": "Qxf7+ Kh8 Rxf8+ Qxf8 Qxf8#",
			"moveCounter": 3,
			"level": 317
		},
		{
			"board": "2k4r/p2N2b1/PppBp3/7q/2BPQ3/2N2P2/1PP3p1/R2R2K1",
			"color": "w",
			"castling": "-",
			"enPassant": "-",
			"halfmove": 0,
			"fullmove": 39,
			"moves": "Qxc6+ Kd8 Bc7+ Ke8 Qxe6#",
			"moveCounter": 3,
			"level": 318
		},
		{
			"board": "r1b5/p1p4Q/1p4n1/5kp1/1b1P1p2/8/PPP2PPP/R1B1R1K1",
			"color": "w",
			"castling": "-",
			"enPassant": "-",
			"halfmove": 1,
			"fullmove": 24,
			"moves": "Qf7+ Kg4 f3+ Kh5 Qh7#",
			"moveCounter": 3,
			"level": 319
		},
		{
			"board": "4r1k1/p1p3pp/3b2r1/2p1p1qb/2P1R2N/1P1P2PP/PB5K/R2Q4",
			"color": "b",
			"castling": "-",
			"enPassant": "-",
			"halfmove": 0,
			"fullmove": 22,
			"moves": "Qxg3+ Kh1 Qxh3#",
			"moveCounter": 2,
			"level": 320
		},
		{
			"board": "rq1n1rk1/1b1pb3/1p3np1/pN6/2p5/PP2R3/1BQ2PPP/3R2K1",
			"color": "w",
			"castling": "-",
			"enPassant": "-",
			"halfmove": 0,
			"fullmove": 22,
			"moves": "Qxg6+ Kh8 Rh3#",
			"moveCounter": 2,
			"level": 321
		},
		{
			"board": "r4b1r/1pp1kBpp/p1n5/8/1P1P1P2/PQN5/1B1Kbq1P/R6n",
			"color": "w",
			"castling": "-",
			"enPassant": "-",
			"halfmove": 0,
			"fullmove": 17,
			"moves": "Qe6+ Kd8 Qe8#",
			"moveCounter": 2,
			"level": 322
		},
		{
			"board": "r4r2/1bp1qpkp/pp4p1/3n4/3N1P2/1PQ1P3/P3B1PP/R4RK1",
			"color": "w",
			"castling": "-",
			"enPassant": "-",
			"halfmove": 3,
			"fullmove": 20,
			"moves": "Ne6+ Kh6 Qg7#",
			"moveCounter": 2,
			"level": 323
		},
		{
			"board": "2kr3r/2p4p/2nq1p2/1Qb1N1pb/4P3/2P4P/1PB2PP1/R1B1R1K1",
			"color": "w",
			"castling": "-",
			"enPassant": "-",
			"halfmove": 0,
			"fullmove": 20,
			"moves": "Ra8+ Nb8 Rxb8#",
			"moveCounter": 2,
			"level": 324
		},
		{
			"board": "rn4k1/ppp3pp/4p3/7q/3PQ1n1/5B2/PPP2PPb/R1B2R1K",
			"color": "b",
			"castling": "-",
			"enPassant": "-",
			"halfmove": 0,
			"fullmove": 14,
			"moves": "Bd6+ Kg1 Qh2#",
			"moveCounter": 2,
			"level": 325
		},
		{
			"board": "r1b2rk1/pp3ppp/8/3P4/8/3BR1bP/PPP3Pq/RNBQ1K2",
			"color": "b",
			"castling": "-",
			"enPassant": "-",
			"halfmove": 2,
			"fullmove": 15,
			"moves": "Qh1+ Ke2 Qxg2#",
			"moveCounter": 2,
			"level": 326
		},
		{
			"board": "3r1rk1/p1p1q2p/1b2b1pB/2pB1p2/8/2Q1P3/PP3PPP/2R2RK1",
			"color": "w",
			"castling": "-",
			"enPassant": "-",
			"halfmove": 0,
			"fullmove": 23,
			"moves": "Bxe6+ Qf7 Qg7#",
			"moveCounter": 2,
			"level": 327
		},
		{
			"board": "r1b2rk1/p2ppp2/1p1n2p1/7p/3QP3/1BNK1P2/PPP4q/R5R1",
			"color": "w",
			"castling": "-",
			"enPassant": "-",
			"halfmove": 0,
			"fullmove": 18,
			"moves": "Rxg6+ Kh7 Qg7#",
			"moveCounter": 2,
			"level": 328
		},
		{
			"board": "5rk1/ppp3pp/3p1r2/3Pn2q/2PNP3/3B1p1P/P4P2/R2Q1RK1",
			"color": "b",
			"castling": "-",
			"enPassant": "-",
			"halfmove": 0,
			"fullmove": 19,
			"moves": "Qg5+ Kh1 Qg2#",
			"moveCounter": 2,
			"level": 329
		},
		{
			"board": "r3rk2/5p1p/pn3Pp1/1pqnpbP1/8/2PB3Q/P3NR1P/3R2K1",
			"color": "w",
			"castling": "-",
			"enPassant": "-",
			"halfmove": 0,
			"fullmove": 29,
			"moves": "Qh6+ Kg8 Qg7#",
			"moveCounter": 2,
			"level": 330
		},
		{
			"board": "r4kr1/1b1n3p/1q3p2/p2p1NpQ/1p1P4/PBP4R/1P3PP1/4RK2",
			"color": "w",
			"castling": "-",
			"enPassant": "-",
			"halfmove": 6,
			"fullmove": 31,
			"moves": "Qh6+ Rg7 Qxg7#",
			"moveCounter": 2,
			"level": 331
		},
		{
			"board": "2q4k/ppr1b2p/1n1p2p1/1P1Pp3/P3BP2/R1NQ1N1b/5P2/2R3K1",
			"color": "b",
			"castling": "-",
			"enPassant": "-",
			"halfmove": 0,
			"fullmove": 23,
			"moves": "Qg4+ Kh2 Qg2#",
			"moveCounter": 2,
			"level": 332
		},
		{
			"board": "r4rk1/ppp2ppp/3p4/2b1q1N1/b3N3/3Q4/PP3PPP/R1B3K1",
			"color": "w",
			"castling": "-",
			"enPassant": "-",
			"halfmove": 4,
			"fullmove": 16,
			"moves": "Nf6+ Kh8 Qxh7#",
			"moveCounter": 2,
			"level": 333
		},
		{
			"board": "rn5k/1q3r1p/2p1Nnp1/p3Qp2/1p5B/3R4/PPP2PPP/3R2K1",
			"color": "w",
			"castling": "-",
			"enPassant": "-",
			"halfmove": 3,
			"fullmove": 23,
			"moves": "Rd8+ Rf8 Rxf8#",
			"moveCounter": 2,
			"level": 334
		},
		{
			"board": "r3qrk1/p1pp1p1p/1p3Pp1/5p2/2P2Q2/5P2/PP3P1P/nN3RK1",
			"color": "w",
			"castling": "-",
			"enPassant": "-",
			"halfmove": 0,
			"fullmove": 17,
			"moves": "Qh6 f4 Qg7#",
			"moveCounter": 2,
			"level": 335
		},
		{
			"board": "r1b4r/pp3Bk1/3R2p1/q4pNp/4P1nP/2N3B1/PPP3P1/2K4R",
			"color": "w",
			"castling": "-",
			"enPassant": "-",
			"halfmove": 1,
			"fullmove": 20,
			"moves": "Rxg6+ Kf8 Bd6#",
			"moveCounter": 2,
			"level": 336
		},
		{
			"board": "2r1r1k1/1b2bp1p/p5p1/1p2N1Nn/1P1q1P2/P2B3P/Q5P1/R4R1K",
			"color": "w",
			"castling": "-",
			"enPassant": "-",
			"halfmove": 5,
			"fullmove": 23,
			"moves": "Qxf7+ Kh8 Qxh7#",
			"moveCounter": 2,
			"level": 337
		},
		{
			"board": "3q2k1/2pN2pp/Q1P1p2r/5p2/1r1Pn3/B3P3/P3nPPP/R4R1K",
			"color": "b",
			"castling": "-",
			"enPassant": "-",
			"halfmove": 10,
			"fullmove": 23,
			"moves": "Rxh2+ Kxh2 Qh4#",
			"moveCounter": 2,
			"level": 338
		},
		{
			"board": "r1b1r1k1/ppp2p1p/2n3p1/6NQ/1b3B2/3P4/PPP4P/R1KN3q",
			"color": "w",
			"castling": "-",
			"enPassant": "-",
			"halfmove": 0,
			"fullmove": 15,
			"moves": "Qxh7+ Kf8 Qxf7#",
			"moveCounter": 2,
			"level": 339
		},
		{
			"board": "4rrk1/2q2np1/p1b4p/1p1p1P2/3P2nP/PPP3P1/2B5/3QRRK1",
			"color": "b",
			"castling": "-",
			"enPassant": "-",
			"halfmove": 3,
			"fullmove": 33,
			"moves": "Qxg3+ Kh1 Qh2#",
			"moveCounter": 2,
			"level": 340
		},
		{
			"board": "r2q4/ppp3k1/2n5/2b1p1rp/4B3/2NP1PB1/PPP1QP2/3R1RK1",
			"color": "b",
			"castling": "-",
			"enPassant": "-",
			"halfmove": 4,
			"fullmove": 18,
			"moves": "Rxg3+ Kh1 Qh4#",
			"moveCounter": 2,
			"level": 341
		},
		{
			"board": "r1b2r2/pp3pp1/n1p5/3pPkN1/2P2P1Q/1Pq5/P5PP/R4RK1",
			"color": "w",
			"castling": "-",
			"enPassant": "-",
			"halfmove": 1,
			"fullmove": 19,
			"moves": "g4+ Kg6 Qh5#",
			"moveCounter": 2,
			"level": 342
		},
		{
			"board": "r1b1r1k1/ppp2p1p/2n3pB/4P3/n1Bq4/5Q2/P4PPP/R4RK1",
			"color": "w",
			"castling": "-",
			"enPassant": "-",
			"halfmove": 0,
			"fullmove": 17,
			"moves": "Bxf7+ Kh8 Qf6#",
			"moveCounter": 2,
			"level": 343
		},
		{
			"board": "2kr3r/1pp3p1/1pqp3p/3QpN2/1n2P3/R7/PPP2PPP/2K4R",
			"color": "w",
			"castling": "-",
			"enPassant": "-",
			"halfmove": 4,
			"fullmove": 18,
			"moves": "Ra8+ Kd7 Qf7#",
			"moveCounter": 2,
			"level": 344
		},
		{
			"board": "1r3r1k/ppQ3p1/8/1P4qp/2Bp2b1/P2P1P2/1BP1n2P/RN3R1K",
			"color": "b",
			"castling": "-",
			"enPassant": "-",
			"halfmove": 0,
			"fullmove": 19,
			"moves": "Bxf3+ Rxf3 Qg1#",
			"moveCounter": 2,
			"level": 345
		},
		{
			"board": "r4rk1/ppqn2b1/2p1p1p1/3n2B1/3P3Q/2PB3R/PP5P/RN4K1",
			"color": "w",
			"castling": "-",
			"enPassant": "-",
			"halfmove": 0,
			"fullmove": 18,
			"moves": "Qh7+ Kf7 Bxg6#",
			"moveCounter": 2,
			"level": 346
		},
		{
			"board": "r4qrk/6pp/pp3p2/4pP1Q/3nP1R1/P1pP3P/2P3PN/R5K1",
			"color": "w",
			"castling": "-",
			"enPassant": "-",
			"halfmove": 2,
			"fullmove": 33,
			"moves": "Qxh7+ Kxh7 Rh4#",
			"moveCounter": 2,
			"level": 347
		},
		{
			"board": "r1b3k1/pp2Q1pp/1bp2r2/3p4/3Pp2q/B3R2P/P4PPN/5RK1",
			"color": "w",
			"castling": "-",
			"enPassant": "-",
			"halfmove": 8,
			"fullmove": 23,
			"moves": "Qe8+ Rf8 Qxf8#",
			"moveCounter": 2,
			"level": 348
		},
		{
			"board": "4r2k/6b1/Q3Br1p/2pPp1pP/Pq1nPpP1/1PN2P2/1K6/1R5R",
			"color": "b",
			"castling": "-",
			"enPassant": "-",
			"halfmove": 2,
			"fullmove": 30,
			"moves": "Qxb3+ Ka1 Nc2#",
			"moveCounter": 2,
			"level": 349
		},
		{
			"board": "1k4rr/p1q2p2/2b1PP2/NpPp4/1P1P3n/4Q2P/1B4P1/2R2RK1",
			"color": "b",
			"castling": "-",
			"enPassant": "-",
			"halfmove": 0,
			"fullmove": 31,
			"moves": "Rxg2+ Kh1 Qh2#",
			"moveCounter": 2,
			"level": 350
		},
		{
			"board": "2r2rk1/pp1b1pp1/4p2B/4P2N/P2q3b/2pB3P/1PQ5/R3RK2",
			"color": "w",
			"castling": "-",
			"enPassant": "-",
			"halfmove": 1,
			"fullmove": 24,
			"moves": "Bh7+ Kh8 Bxg7#",
			"moveCounter": 2,
			"level": 351
		},
		{
			"board": "2k1r2r/Q1p1q1b1/1p1pn2p/3B1p2/8/3bB3/PPP2PPP/2K1R3",
			"color": "w",
			"castling": "-",
			"enPassant": "-",
			"halfmove": 0,
			"fullmove": 22,
			"moves": "Qa8+ Kd7 Bc6#",
			"moveCounter": 2,
			"level": 352
		},
		{
			"board": "r1b3k1/ppp2pbp/6p1/8/2B3nq/5Q2/PPP2PPP/R3R1K1",
			"color": "w",
			"castling": "-",
			"enPassant": "-",
			"halfmove": 1,
			"fullmove": 15,
			"moves": "Qxf7+ Kh8 Qg8#",
			"moveCounter": 2,
			"level": 353
		},
		{
			"board": "2kr1b1r/1pp2pp1/p3p2p/8/2P2q2/PQ1BRP1b/1P6/R1B3K1",
			"color": "b",
			"castling": "-",
			"enPassant": "-",
			"halfmove": 1,
			"fullmove": 17,
			"moves": "Qg3+ Kh1 Qg2#",
			"moveCounter": 2,
			"level": 354
		},
		{
			"board": "r5k1/1pp2ppp/5n2/4p3/1P1pP3/1KPP1P2/r3N1PP/3R1B1R",
			"color": "b",
			"castling": "-",
			"enPassant": "-",
			"halfmove": 2,
			"fullmove": 26,
			"moves": "b5 g3 R8a3#",
			"moveCounter": 2,
			"level": 355
		},
		{
			"board": "r1r3k1/2q1ppbp/3p2P1/p2Q4/1p2P1P1/4BP2/PPP5/1K1R3R",
			"color": "b",
			"castling": "-",
			"enPassant": "-",
			"halfmove": 0,
			"fullmove": 21,
			"moves": "Qxc2+ Ka1 Bxb2#",
			"moveCounter": 2,
			"level": 356
		},
		{
			"board": "3r2k1/pq3p1p/1p1Pr1pB/2p1np2/7Q/5P2/PPP4P/2KR2R1",
			"color": "w",
			"castling": "-",
			"enPassant": "-",
			"halfmove": 3,
			"fullmove": 26,
			"moves": "Qxd8+ Re8 Qxe8#",
			"moveCounter": 2,
			"level": 357
		},
		{
			"board": "r1bq2r1/pp1n1RQ1/2pkp3/3p4/2PPP3/4P3/PP4PP/R5K1",
			"color": "w",
			"castling": "-",
			"enPassant": "-",
			"halfmove": 7,
			"fullmove": 20,
			"moves": "c5+ Nxc5 e5#",
			"moveCounter": 2,
			"level": 358
		},
		{
			"board": "1rbbr1kq/8/pp4p1/4p2N/3pQ3/P2P4/1PP1B1PP/R4RK1",
			"color": "w",
			"castling": "-",
			"enPassant": "-",
			"halfmove": 0,
			"fullmove": 28,
			"moves": "Qxg6+ Qg7 Qxg7#",
			"moveCounter": 2,
			"level": 359
		},
		{
			"board": "rnNk3r/p1pp4/8/1pb3q1/4P2P/1PP3P1/P3B1P1/R2Q1R1K",
			"color": "b",
			"castling": "-",
			"enPassant": "-",
			"halfmove": 0,
			"fullmove": 26,
			"moves": "Qxh4+ gxh4 Rxh4#",
			"moveCounter": 2,
			"level": 360
		},
		{
			"board": "r2q1k1r/pB3pp1/6p1/2p3b1/Q4n2/2NP1K2/PP2PP2/R1B2R2",
			"color": "b",
			"castling": "-",
			"enPassant": "-",
			"halfmove": 3,
			"fullmove": 19,
			"moves": "Rh3+ Kg4 f5#",
			"moveCounter": 2,
			"level": 361
		},
		{
			"board": "r2nqrk1/pp3p2/2pP1R1p/4pQ2/8/2P5/PPP1N1PP/5RK1",
			"color": "w",
			"castling": "-",
			"enPassant": "-",
			"halfmove": 1,
			"fullmove": 21,
			"moves": "Rxh6 e4 Qg4#",
			"moveCounter": 2,
			"level": 362
		},
		{
			"board": "r3r1k1/ppp2ppp/2Bp1n2/5P2/8/6P1/PPPR1P1P/1K4NR",
			"color": "b",
			"castling": "-",
			"enPassant": "-",
			"halfmove": 0,
			"fullmove": 14,
			"moves": "Re1+ Rd1 Rxd1#",
			"moveCounter": 2,
			"level": 363
		},
		{
			"board": "r4rk1/2p2pp1/p2b1B2/1p1Pp2p/7P/5q1P/PPPQ1P2/2K3R1",
			"color": "w",
			"castling": "-",
			"enPassant": "-",
			"halfmove": 0,
			"fullmove": 20,
			"moves": "Rxg7+ Kh8 Qh6#",
			"moveCounter": 2,
			"level": 364
		},
		{
			"board": "r4rk1/pp1b1ppp/4p3/2q5/5Pn1/1BN5/PPQB2P1/3R1R1K",
			"color": "b",
			"castling": "-",
			"enPassant": "-",
			"halfmove": 2,
			"fullmove": 18,
			"moves": "Qh5+ Kg1 Qh2#",
			"moveCounter": 2,
			"level": 365
		}
	]
}