{"frames":{"ber_bishop_white":{"frame":{"x":0,"y":0,"w":68,"h":68},"rotated":false,"trimmed":false,"spriteSourceSize":{"x":0,"y":0,"w":68,"h":68},"sourceSize":{"w":68,"h":68}},"ber_king_black":{"frame":{"x":0,"y":69,"w":68,"h":68},"rotated":false,"trimmed":false,"spriteSourceSize":{"x":0,"y":0,"w":68,"h":68},"sourceSize":{"w":68,"h":68}},"ber_king_white":{"frame":{"x":69,"y":0,"w":68,"h":68},"rotated":false,"trimmed":false,"spriteSourceSize":{"x":0,"y":0,"w":68,"h":68},"sourceSize":{"w":68,"h":68}},"ber_knight_black":{"frame":{"x":69,"y":69,"w":68,"h":68},"rotated":false,"trimmed":false,"spriteSourceSize":{"x":0,"y":0,"w":68,"h":68},"sourceSize":{"w":68,"h":68}},"ber_knight_white":{"frame":{"x":0,"y":138,"w":68,"h":68},"rotated":false,"trimmed":false,"spriteSourceSize":{"x":0,"y":0,"w":68,"h":68},"sourceSize":{"w":68,"h":68}},"ber_move":{"frame":{"x":69,"y":414,"w":19,"h":19},"rotated":false,"trimmed":false,"spriteSourceSize":{"x":0,"y":0,"w":19,"h":19},"sourceSize":{"w":19,"h":19}},"ber_pawn_black":{"frame":{"x":69,"y":138,"w":68,"h":68},"rotated":false,"trimmed":false,"spriteSourceSize":{"x":0,"y":0,"w":68,"h":68},"sourceSize":{"w":68,"h":68}},"ber_pawn_white":{"frame":{"x":138,"y":0,"w":68,"h":68},"rotated":false,"trimmed":false,"spriteSourceSize":{"x":0,"y":0,"w":68,"h":68},"sourceSize":{"w":68,"h":68}},"ber_queen_black":{"frame":{"x":138,"y":69,"w":68,"h":68},"rotated":false,"trimmed":false,"spriteSourceSize":{"x":0,"y":0,"w":68,"h":68},"sourceSize":{"w":68,"h":68}},"ber_queen_white":{"frame":{"x":138,"y":138,"w":68,"h":68},"rotated":false,"trimmed":false,"spriteSourceSize":{"x":0,"y":0,"w":68,"h":68},"sourceSize":{"w":68,"h":68}},"ber_rook_black":{"frame":{"x":0,"y":207,"w":68,"h":68},"rotated":false,"trimmed":false,"spriteSourceSize":{"x":0,"y":0,"w":68,"h":68},"sourceSize":{"w":68,"h":68}},"ber_rook_white":{"frame":{"x":69,"y":207,"w":68,"h":68},"rotated":false,"trimmed":false,"spriteSourceSize":{"x":0,"y":0,"w":68,"h":68},"sourceSize":{"w":68,"h":68}},"king_highlight_3":{"frame":{"x":138,"y":207,"w":68,"h":68},"rotated":false,"trimmed":false,"spriteSourceSize":{"x":0,"y":0,"w":68,"h":68},"sourceSize":{"w":68,"h":68}},"lon_bishop_black":{"frame":{"x":207,"y":0,"w":68,"h":68},"rotated":false,"trimmed":false,"spriteSourceSize":{"x":0,"y":0,"w":68,"h":68},"sourceSize":{"w":68,"h":68}},"lon_bishop_white":{"frame":{"x":207,"y":69,"w":68,"h":68},"rotated":false,"trimmed":false,"spriteSourceSize":{"x":0,"y":0,"w":68,"h":68},"sourceSize":{"w":68,"h":68}},"lon_king_black":{"frame":{"x":207,"y":138,"w":68,"h":68},"rotated":false,"trimmed":false,"spriteSourceSize":{"x":0,"y":0,"w":68,"h":68},"sourceSize":{"w":68,"h":68}},"lon_king_white":{"frame":{"x":207,"y":207,"w":68,"h":68},"rotated":false,"trimmed":false,"spriteSourceSize":{"x":0,"y":0,"w":68,"h":68},"sourceSize":{"w":68,"h":68}},"lon_knight_black":{"frame":{"x":0,"y":276,"w":68,"h":68},"rotated":false,"trimmed":false,"spriteSourceSize":{"x":0,"y":0,"w":68,"h":68},"sourceSize":{"w":68,"h":68}},"lon_knight_white":{"frame":{"x":69,"y":276,"w":68,"h":68},"rotated":false,"trimmed":false,"spriteSourceSize":{"x":0,"y":0,"w":68,"h":68},"sourceSize":{"w":68,"h":68}},"lon_move":{"frame":{"x":69,"y":454,"w":18,"h":19},"rotated":false,"trimmed":false,"spriteSourceSize":{"x":0,"y":0,"w":18,"h":19},"sourceSize":{"w":18,"h":19}},"lon_pawn_black":{"frame":{"x":138,"y":276,"w":68,"h":68},"rotated":false,"trimmed":false,"spriteSourceSize":{"x":0,"y":0,"w":68,"h":68},"sourceSize":{"w":68,"h":68}},"lon_pawn_white":{"frame":{"x":207,"y":276,"w":68,"h":68},"rotated":false,"trimmed":false,"spriteSourceSize":{"x":0,"y":0,"w":68,"h":68},"sourceSize":{"w":68,"h":68}},"lon_queen_black":{"frame":{"x":276,"y":0,"w":68,"h":68},"rotated":false,"trimmed":false,"spriteSourceSize":{"x":0,"y":0,"w":68,"h":68},"sourceSize":{"w":68,"h":68}},"lon_queen_white":{"frame":{"x":276,"y":69,"w":68,"h":68},"rotated":false,"trimmed":false,"spriteSourceSize":{"x":0,"y":0,"w":68,"h":68},"sourceSize":{"w":68,"h":68}},"lon_rook_black":{"frame":{"x":276,"y":138,"w":68,"h":68},"rotated":false,"trimmed":false,"spriteSourceSize":{"x":0,"y":0,"w":68,"h":68},"sourceSize":{"w":68,"h":68}},"lon_rook_white":{"frame":{"x":276,"y":207,"w":68,"h":68},"rotated":false,"trimmed":false,"spriteSourceSize":{"x":0,"y":0,"w":68,"h":68},"sourceSize":{"w":68,"h":68}},"new_bishop_black":{"frame":{"x":276,"y":276,"w":68,"h":68},"rotated":false,"trimmed":false,"spriteSourceSize":{"x":0,"y":0,"w":68,"h":68},"sourceSize":{"w":68,"h":68}},"new_bishop_white":{"frame":{"x":0,"y":345,"w":68,"h":68},"rotated":false,"trimmed":false,"spriteSourceSize":{"x":0,"y":0,"w":68,"h":68},"sourceSize":{"w":68,"h":68}},"new_king_black":{"frame":{"x":69,"y":345,"w":68,"h":68},"rotated":false,"trimmed":false,"spriteSourceSize":{"x":0,"y":0,"w":68,"h":68},"sourceSize":{"w":68,"h":68}},"new_king_white":{"frame":{"x":138,"y":345,"w":68,"h":68},"rotated":false,"trimmed":false,"spriteSourceSize":{"x":0,"y":0,"w":68,"h":68},"sourceSize":{"w":68,"h":68}},"new_knight_black":{"frame":{"x":207,"y":345,"w":68,"h":68},"rotated":false,"trimmed":false,"spriteSourceSize":{"x":0,"y":0,"w":68,"h":68},"sourceSize":{"w":68,"h":68}},"new_knight_white":{"frame":{"x":276,"y":345,"w":68,"h":68},"rotated":false,"trimmed":false,"spriteSourceSize":{"x":0,"y":0,"w":68,"h":68},"sourceSize":{"w":68,"h":68}},"new_move":{"frame":{"x":69,"y":434,"w":19,"h":19},"rotated":false,"trimmed":false,"spriteSourceSize":{"x":0,"y":0,"w":19,"h":19},"sourceSize":{"w":19,"h":19}},"new_pawn_black":{"frame":{"x":345,"y":0,"w":68,"h":68},"rotated":false,"trimmed":false,"spriteSourceSize":{"x":0,"y":0,"w":68,"h":68},"sourceSize":{"w":68,"h":68}},"new_pawn_white":{"frame":{"x":345,"y":69,"w":68,"h":68},"rotated":false,"trimmed":false,"spriteSourceSize":{"x":0,"y":0,"w":68,"h":68},"sourceSize":{"w":68,"h":68}},"new_queen_black":{"frame":{"x":345,"y":138,"w":68,"h":68},"rotated":false,"trimmed":false,"spriteSourceSize":{"x":0,"y":0,"w":68,"h":68},"sourceSize":{"w":68,"h":68}},"new_queen_white":{"frame":{"x":345,"y":207,"w":68,"h":68},"rotated":false,"trimmed":false,"spriteSourceSize":{"x":0,"y":0,"w":68,"h":68},"sourceSize":{"w":68,"h":68}},"new_rook_black":{"frame":{"x":345,"y":276,"w":68,"h":68},"rotated":false,"trimmed":false,"spriteSourceSize":{"x":0,"y":0,"w":68,"h":68},"sourceSize":{"w":68,"h":68}},"new_rook_white":{"frame":{"x":345,"y":345,"w":68,"h":68},"rotated":false,"trimmed":false,"spriteSourceSize":{"x":0,"y":0,"w":68,"h":68},"sourceSize":{"w":68,"h":68}},"wrong_move":{"frame":{"x":88,"y":454,"w":18,"h":19},"rotated":false,"trimmed":false,"spriteSourceSize":{"x":0,"y":0,"w":18,"h":19},"sourceSize":{"w":18,"h":19}},"ber_bishop_black":{"frame":{"x":0,"y":414,"w":68,"h":68},"rotated":false,"trimmed":false,"spriteSourceSize":{"x":0,"y":0,"w":68,"h":68},"sourceSize":{"w":68,"h":68}}},"meta":{"app":"https://www.leshylabs.com/apps/sstool/","version":"Leshy SpriteSheet Tool v0.8.4","image":"spritesheet.png","size":{"w":413,"h":482},"scale":1}}