{"frames":{"flag_00_big":{"frame":{"x":0,"y":0,"w":80,"h":158},"rotated":false,"trimmed":false,"spriteSourceSize":{"x":0,"y":0,"w":80,"h":158},"sourceSize":{"w":80,"h":158}},"flag_01":{"frame":{"x":729,"y":0,"w":134,"h":153},"rotated":false,"trimmed":false,"spriteSourceSize":{"x":0,"y":0,"w":134,"h":153},"sourceSize":{"w":134,"h":153}},"flag_01_big":{"frame":{"x":81,"y":0,"w":80,"h":158},"rotated":false,"trimmed":false,"spriteSourceSize":{"x":0,"y":0,"w":80,"h":158},"sourceSize":{"w":80,"h":158}},"flag_02":{"frame":{"x":729,"y":154,"w":134,"h":153},"rotated":false,"trimmed":false,"spriteSourceSize":{"x":0,"y":0,"w":134,"h":153},"sourceSize":{"w":134,"h":153}},"flag_02_big":{"frame":{"x":162,"y":0,"w":80,"h":158},"rotated":false,"trimmed":false,"spriteSourceSize":{"x":0,"y":0,"w":80,"h":158},"sourceSize":{"w":80,"h":158}},"flag_03":{"frame":{"x":729,"y":308,"w":134,"h":153},"rotated":false,"trimmed":false,"spriteSourceSize":{"x":0,"y":0,"w":134,"h":153},"sourceSize":{"w":134,"h":153}},"flag_03_big":{"frame":{"x":0,"y":159,"w":80,"h":158},"rotated":false,"trimmed":false,"spriteSourceSize":{"x":0,"y":0,"w":80,"h":158},"sourceSize":{"w":80,"h":158}},"flag_04":{"frame":{"x":729,"y":462,"w":134,"h":153},"rotated":false,"trimmed":false,"spriteSourceSize":{"x":0,"y":0,"w":134,"h":153},"sourceSize":{"w":134,"h":153}},"flag_04_big":{"frame":{"x":81,"y":159,"w":80,"h":158},"rotated":false,"trimmed":false,"spriteSourceSize":{"x":0,"y":0,"w":80,"h":158},"sourceSize":{"w":80,"h":158}},"flag_05":{"frame":{"x":729,"y":616,"w":134,"h":153},"rotated":false,"trimmed":false,"spriteSourceSize":{"x":0,"y":0,"w":134,"h":153},"sourceSize":{"w":134,"h":153}},"flag_05_big":{"frame":{"x":162,"y":159,"w":80,"h":158},"rotated":false,"trimmed":false,"spriteSourceSize":{"x":0,"y":0,"w":80,"h":158},"sourceSize":{"w":80,"h":158}},"flag_06":{"frame":{"x":0,"y":795,"w":134,"h":153},"rotated":false,"trimmed":false,"spriteSourceSize":{"x":0,"y":0,"w":134,"h":153},"sourceSize":{"w":134,"h":153}},"flag_06_big":{"frame":{"x":243,"y":0,"w":80,"h":158},"rotated":false,"trimmed":false,"spriteSourceSize":{"x":0,"y":0,"w":80,"h":158},"sourceSize":{"w":80,"h":158}},"flag_07":{"frame":{"x":135,"y":795,"w":134,"h":153},"rotated":false,"trimmed":false,"spriteSourceSize":{"x":0,"y":0,"w":134,"h":153},"sourceSize":{"w":134,"h":153}},"flag_07_big":{"frame":{"x":243,"y":159,"w":80,"h":158},"rotated":false,"trimmed":false,"spriteSourceSize":{"x":0,"y":0,"w":80,"h":158},"sourceSize":{"w":80,"h":158}},"flag_08":{"frame":{"x":270,"y":795,"w":134,"h":153},"rotated":false,"trimmed":false,"spriteSourceSize":{"x":0,"y":0,"w":134,"h":153},"sourceSize":{"w":134,"h":153}},"flag_08_big":{"frame":{"x":324,"y":0,"w":80,"h":158},"rotated":false,"trimmed":false,"spriteSourceSize":{"x":0,"y":0,"w":80,"h":158},"sourceSize":{"w":80,"h":158}},"flag_09":{"frame":{"x":405,"y":795,"w":134,"h":153},"rotated":false,"trimmed":false,"spriteSourceSize":{"x":0,"y":0,"w":134,"h":153},"sourceSize":{"w":134,"h":153}},"flag_09_big":{"frame":{"x":324,"y":159,"w":80,"h":158},"rotated":false,"trimmed":false,"spriteSourceSize":{"x":0,"y":0,"w":80,"h":158},"sourceSize":{"w":80,"h":158}},"flag_10":{"frame":{"x":540,"y":795,"w":134,"h":153},"rotated":false,"trimmed":false,"spriteSourceSize":{"x":0,"y":0,"w":134,"h":153},"sourceSize":{"w":134,"h":153}},"flag_10_big":{"frame":{"x":0,"y":318,"w":80,"h":158},"rotated":false,"trimmed":false,"spriteSourceSize":{"x":0,"y":0,"w":80,"h":158},"sourceSize":{"w":80,"h":158}},"flag_11":{"frame":{"x":675,"y":795,"w":134,"h":153},"rotated":false,"trimmed":false,"spriteSourceSize":{"x":0,"y":0,"w":134,"h":153},"sourceSize":{"w":134,"h":153}},"flag_11_big":{"frame":{"x":81,"y":318,"w":80,"h":158},"rotated":false,"trimmed":false,"spriteSourceSize":{"x":0,"y":0,"w":80,"h":158},"sourceSize":{"w":80,"h":158}},"flag_12":{"frame":{"x":864,"y":0,"w":134,"h":153},"rotated":false,"trimmed":false,"spriteSourceSize":{"x":0,"y":0,"w":134,"h":153},"sourceSize":{"w":134,"h":153}},"flag_12_big":{"frame":{"x":162,"y":318,"w":80,"h":158},"rotated":false,"trimmed":false,"spriteSourceSize":{"x":0,"y":0,"w":80,"h":158},"sourceSize":{"w":80,"h":158}},"flag_13":{"frame":{"x":864,"y":154,"w":134,"h":153},"rotated":false,"trimmed":false,"spriteSourceSize":{"x":0,"y":0,"w":134,"h":153},"sourceSize":{"w":134,"h":153}},"flag_13_big":{"frame":{"x":243,"y":318,"w":80,"h":158},"rotated":false,"trimmed":false,"spriteSourceSize":{"x":0,"y":0,"w":80,"h":158},"sourceSize":{"w":80,"h":158}},"flag_14":{"frame":{"x":864,"y":308,"w":134,"h":153},"rotated":false,"trimmed":false,"spriteSourceSize":{"x":0,"y":0,"w":134,"h":153},"sourceSize":{"w":134,"h":153}},"flag_14_big":{"frame":{"x":324,"y":318,"w":80,"h":158},"rotated":false,"trimmed":false,"spriteSourceSize":{"x":0,"y":0,"w":80,"h":158},"sourceSize":{"w":80,"h":158}},"flag_15":{"frame":{"x":864,"y":462,"w":134,"h":153},"rotated":false,"trimmed":false,"spriteSourceSize":{"x":0,"y":0,"w":134,"h":153},"sourceSize":{"w":134,"h":153}},"flag_15_big":{"frame":{"x":405,"y":0,"w":80,"h":158},"rotated":false,"trimmed":false,"spriteSourceSize":{"x":0,"y":0,"w":80,"h":158},"sourceSize":{"w":80,"h":158}},"flag_16":{"frame":{"x":864,"y":616,"w":134,"h":153},"rotated":false,"trimmed":false,"spriteSourceSize":{"x":0,"y":0,"w":134,"h":153},"sourceSize":{"w":134,"h":153}},"flag_16_big":{"frame":{"x":405,"y":159,"w":80,"h":158},"rotated":false,"trimmed":false,"spriteSourceSize":{"x":0,"y":0,"w":80,"h":158},"sourceSize":{"w":80,"h":158}},"flag_17":{"frame":{"x":864,"y":770,"w":134,"h":153},"rotated":false,"trimmed":false,"spriteSourceSize":{"x":0,"y":0,"w":134,"h":153},"sourceSize":{"w":134,"h":153}},"flag_17_big":{"frame":{"x":405,"y":318,"w":80,"h":158},"rotated":false,"trimmed":false,"spriteSourceSize":{"x":0,"y":0,"w":80,"h":158},"sourceSize":{"w":80,"h":158}},"flag_18":{"frame":{"x":0,"y":949,"w":134,"h":153},"rotated":false,"trimmed":false,"spriteSourceSize":{"x":0,"y":0,"w":134,"h":153},"sourceSize":{"w":134,"h":153}},"flag_18_big":{"frame":{"x":486,"y":0,"w":80,"h":158},"rotated":false,"trimmed":false,"spriteSourceSize":{"x":0,"y":0,"w":80,"h":158},"sourceSize":{"w":80,"h":158}},"flag_19":{"frame":{"x":135,"y":949,"w":134,"h":153},"rotated":false,"trimmed":false,"spriteSourceSize":{"x":0,"y":0,"w":134,"h":153},"sourceSize":{"w":134,"h":153}},"flag_19_big":{"frame":{"x":486,"y":159,"w":80,"h":158},"rotated":false,"trimmed":false,"spriteSourceSize":{"x":0,"y":0,"w":80,"h":158},"sourceSize":{"w":80,"h":158}},"flag_20":{"frame":{"x":270,"y":949,"w":134,"h":153},"rotated":false,"trimmed":false,"spriteSourceSize":{"x":0,"y":0,"w":134,"h":153},"sourceSize":{"w":134,"h":153}},"flag_20_big":{"frame":{"x":486,"y":318,"w":80,"h":158},"rotated":false,"trimmed":false,"spriteSourceSize":{"x":0,"y":0,"w":80,"h":158},"sourceSize":{"w":80,"h":158}},"flag_21":{"frame":{"x":405,"y":949,"w":134,"h":153},"rotated":false,"trimmed":false,"spriteSourceSize":{"x":0,"y":0,"w":134,"h":153},"sourceSize":{"w":134,"h":153}},"flag_21_big":{"frame":{"x":0,"y":477,"w":80,"h":158},"rotated":false,"trimmed":false,"spriteSourceSize":{"x":0,"y":0,"w":80,"h":158},"sourceSize":{"w":80,"h":158}},"flag_22":{"frame":{"x":540,"y":949,"w":134,"h":153},"rotated":false,"trimmed":false,"spriteSourceSize":{"x":0,"y":0,"w":134,"h":153},"sourceSize":{"w":134,"h":153}},"flag_22_big":{"frame":{"x":81,"y":477,"w":80,"h":158},"rotated":false,"trimmed":false,"spriteSourceSize":{"x":0,"y":0,"w":80,"h":158},"sourceSize":{"w":80,"h":158}},"flag_23":{"frame":{"x":675,"y":949,"w":134,"h":153},"rotated":false,"trimmed":false,"spriteSourceSize":{"x":0,"y":0,"w":134,"h":153},"sourceSize":{"w":134,"h":153}},"flag_23_big":{"frame":{"x":162,"y":477,"w":80,"h":158},"rotated":false,"trimmed":false,"spriteSourceSize":{"x":0,"y":0,"w":80,"h":158},"sourceSize":{"w":80,"h":158}},"flag_24":{"frame":{"x":810,"y":949,"w":134,"h":153},"rotated":false,"trimmed":false,"spriteSourceSize":{"x":0,"y":0,"w":134,"h":153},"sourceSize":{"w":134,"h":153}},"flag_24_big":{"frame":{"x":243,"y":477,"w":80,"h":158},"rotated":false,"trimmed":false,"spriteSourceSize":{"x":0,"y":0,"w":80,"h":158},"sourceSize":{"w":80,"h":158}},"flag_25":{"frame":{"x":999,"y":770,"w":133,"h":153},"rotated":false,"trimmed":false,"spriteSourceSize":{"x":0,"y":0,"w":133,"h":153},"sourceSize":{"w":133,"h":153}},"flag_25_big":{"frame":{"x":324,"y":477,"w":80,"h":158},"rotated":false,"trimmed":false,"spriteSourceSize":{"x":0,"y":0,"w":80,"h":158},"sourceSize":{"w":80,"h":158}},"flag_26":{"frame":{"x":999,"y":924,"w":133,"h":153},"rotated":false,"trimmed":false,"spriteSourceSize":{"x":0,"y":0,"w":133,"h":153},"sourceSize":{"w":133,"h":153}},"flag_26_big":{"frame":{"x":405,"y":477,"w":80,"h":158},"rotated":false,"trimmed":false,"spriteSourceSize":{"x":0,"y":0,"w":80,"h":158},"sourceSize":{"w":80,"h":158}},"flag_27":{"frame":{"x":0,"y":1103,"w":134,"h":152},"rotated":false,"trimmed":false,"spriteSourceSize":{"x":0,"y":0,"w":134,"h":152},"sourceSize":{"w":134,"h":152}},"flag_27_big":{"frame":{"x":486,"y":477,"w":80,"h":158},"rotated":false,"trimmed":false,"spriteSourceSize":{"x":0,"y":0,"w":80,"h":158},"sourceSize":{"w":80,"h":158}},"flag_28":{"frame":{"x":999,"y":0,"w":134,"h":153},"rotated":false,"trimmed":false,"spriteSourceSize":{"x":0,"y":0,"w":134,"h":153},"sourceSize":{"w":134,"h":153}},"flag_28_big":{"frame":{"x":567,"y":0,"w":80,"h":158},"rotated":false,"trimmed":false,"spriteSourceSize":{"x":0,"y":0,"w":80,"h":158},"sourceSize":{"w":80,"h":158}},"flag_29":{"frame":{"x":999,"y":154,"w":134,"h":153},"rotated":false,"trimmed":false,"spriteSourceSize":{"x":0,"y":0,"w":134,"h":153},"sourceSize":{"w":134,"h":153}},"flag_29_big":{"frame":{"x":567,"y":159,"w":80,"h":158},"rotated":false,"trimmed":false,"spriteSourceSize":{"x":0,"y":0,"w":80,"h":158},"sourceSize":{"w":80,"h":158}},"flag_30":{"frame":{"x":999,"y":308,"w":134,"h":153},"rotated":false,"trimmed":false,"spriteSourceSize":{"x":0,"y":0,"w":134,"h":153},"sourceSize":{"w":134,"h":153}},"flag_30_big":{"frame":{"x":567,"y":318,"w":80,"h":158},"rotated":false,"trimmed":false,"spriteSourceSize":{"x":0,"y":0,"w":80,"h":158},"sourceSize":{"w":80,"h":158}},"flag_31":{"frame":{"x":999,"y":462,"w":134,"h":153},"rotated":false,"trimmed":false,"spriteSourceSize":{"x":0,"y":0,"w":134,"h":153},"sourceSize":{"w":134,"h":153}},"flag_31_big":{"frame":{"x":567,"y":477,"w":80,"h":158},"rotated":false,"trimmed":false,"spriteSourceSize":{"x":0,"y":0,"w":80,"h":158},"sourceSize":{"w":80,"h":158}},"flag_32":{"frame":{"x":999,"y":616,"w":134,"h":153},"rotated":false,"trimmed":false,"spriteSourceSize":{"x":0,"y":0,"w":134,"h":153},"sourceSize":{"w":134,"h":153}},"flag_32_big":{"frame":{"x":648,"y":0,"w":80,"h":158},"rotated":false,"trimmed":false,"spriteSourceSize":{"x":0,"y":0,"w":80,"h":158},"sourceSize":{"w":80,"h":158}},"flag_33":{"frame":{"x":1263,"y":0,"w":129,"h":147},"rotated":false,"trimmed":false,"spriteSourceSize":{"x":0,"y":0,"w":129,"h":147},"sourceSize":{"w":129,"h":147}},"flag_33_big":{"frame":{"x":648,"y":159,"w":80,"h":158},"rotated":false,"trimmed":false,"spriteSourceSize":{"x":0,"y":0,"w":80,"h":158},"sourceSize":{"w":80,"h":158}},"flag_34":{"frame":{"x":523,"y":1103,"w":129,"h":148},"rotated":false,"trimmed":false,"spriteSourceSize":{"x":0,"y":0,"w":129,"h":148},"sourceSize":{"w":129,"h":148}},"flag_34_big":{"frame":{"x":648,"y":318,"w":80,"h":158},"rotated":false,"trimmed":false,"spriteSourceSize":{"x":0,"y":0,"w":80,"h":158},"sourceSize":{"w":80,"h":158}},"flag_35":{"frame":{"x":1134,"y":149,"w":128,"h":147},"rotated":false,"trimmed":false,"spriteSourceSize":{"x":0,"y":0,"w":128,"h":147},"sourceSize":{"w":128,"h":147}},"flag_35_big":{"frame":{"x":648,"y":477,"w":80,"h":158},"rotated":false,"trimmed":false,"spriteSourceSize":{"x":0,"y":0,"w":80,"h":158},"sourceSize":{"w":80,"h":158}},"flag_36":{"frame":{"x":653,"y":1103,"w":129,"h":148},"rotated":false,"trimmed":false,"spriteSourceSize":{"x":0,"y":0,"w":129,"h":148},"sourceSize":{"w":129,"h":148}},"flag_36_big":{"frame":{"x":0,"y":636,"w":80,"h":158},"rotated":false,"trimmed":false,"spriteSourceSize":{"x":0,"y":0,"w":80,"h":158},"sourceSize":{"w":80,"h":158}},"flag_37":{"frame":{"x":265,"y":1103,"w":128,"h":149},"rotated":false,"trimmed":false,"spriteSourceSize":{"x":0,"y":0,"w":128,"h":149},"sourceSize":{"w":128,"h":149}},"flag_37_big":{"frame":{"x":81,"y":636,"w":80,"h":158},"rotated":false,"trimmed":false,"spriteSourceSize":{"x":0,"y":0,"w":80,"h":158},"sourceSize":{"w":80,"h":158}},"flag_38":{"frame":{"x":1263,"y":148,"w":129,"h":147},"rotated":false,"trimmed":false,"spriteSourceSize":{"x":0,"y":0,"w":129,"h":147},"sourceSize":{"w":129,"h":147}},"flag_38_big":{"frame":{"x":162,"y":636,"w":80,"h":158},"rotated":false,"trimmed":false,"spriteSourceSize":{"x":0,"y":0,"w":80,"h":158},"sourceSize":{"w":80,"h":158}},"flag_39":{"frame":{"x":783,"y":1103,"w":129,"h":148},"rotated":false,"trimmed":false,"spriteSourceSize":{"x":0,"y":0,"w":129,"h":148},"sourceSize":{"w":129,"h":148}},"flag_39_big":{"frame":{"x":243,"y":636,"w":80,"h":158},"rotated":false,"trimmed":false,"spriteSourceSize":{"x":0,"y":0,"w":80,"h":158},"sourceSize":{"w":80,"h":158}},"flag_40":{"frame":{"x":1263,"y":296,"w":129,"h":147},"rotated":false,"trimmed":false,"spriteSourceSize":{"x":0,"y":0,"w":129,"h":147},"sourceSize":{"w":129,"h":147}},"flag_40_big":{"frame":{"x":324,"y":636,"w":80,"h":158},"rotated":false,"trimmed":false,"spriteSourceSize":{"x":0,"y":0,"w":80,"h":158},"sourceSize":{"w":80,"h":158}},"flag_41":{"frame":{"x":1134,"y":0,"w":128,"h":148},"rotated":false,"trimmed":false,"spriteSourceSize":{"x":0,"y":0,"w":128,"h":148},"sourceSize":{"w":128,"h":148}},"flag_41_big":{"frame":{"x":405,"y":636,"w":80,"h":158},"rotated":false,"trimmed":false,"spriteSourceSize":{"x":0,"y":0,"w":80,"h":158},"sourceSize":{"w":80,"h":158}},"flag_42":{"frame":{"x":135,"y":1103,"w":129,"h":149},"rotated":false,"trimmed":false,"spriteSourceSize":{"x":0,"y":0,"w":129,"h":149},"sourceSize":{"w":129,"h":149}},"flag_42_big":{"frame":{"x":486,"y":636,"w":80,"h":158},"rotated":false,"trimmed":false,"spriteSourceSize":{"x":0,"y":0,"w":80,"h":158},"sourceSize":{"w":80,"h":158}},"flag_43":{"frame":{"x":394,"y":1103,"w":128,"h":149},"rotated":false,"trimmed":false,"spriteSourceSize":{"x":0,"y":0,"w":128,"h":149},"sourceSize":{"w":128,"h":149}},"flag_43_big":{"frame":{"x":567,"y":636,"w":80,"h":158},"rotated":false,"trimmed":false,"spriteSourceSize":{"x":0,"y":0,"w":80,"h":158},"sourceSize":{"w":80,"h":158}},"flag_44":{"frame":{"x":913,"y":1103,"w":129,"h":148},"rotated":false,"trimmed":false,"spriteSourceSize":{"x":0,"y":0,"w":129,"h":148},"sourceSize":{"w":129,"h":148}},"flag_44_big":{"frame":{"x":648,"y":636,"w":80,"h":158},"rotated":false,"trimmed":false,"spriteSourceSize":{"x":0,"y":0,"w":80,"h":158},"sourceSize":{"w":80,"h":158}},"flag_locked":{"frame":{"x":1043,"y":1103,"w":80,"h":91},"rotated":false,"trimmed":false,"spriteSourceSize":{"x":0,"y":0,"w":80,"h":91},"sourceSize":{"w":80,"h":91}},"holder_0":{"frame":{"x":1134,"y":963,"w":109,"h":72},"rotated":false,"trimmed":false,"spriteSourceSize":{"x":0,"y":0,"w":109,"h":72},"sourceSize":{"w":109,"h":72}},"holder_1":{"frame":{"x":1134,"y":297,"w":109,"h":73},"rotated":false,"trimmed":false,"spriteSourceSize":{"x":0,"y":0,"w":109,"h":73},"sourceSize":{"w":109,"h":73}},"holder_2":{"frame":{"x":1134,"y":371,"w":109,"h":73},"rotated":false,"trimmed":false,"spriteSourceSize":{"x":0,"y":0,"w":109,"h":73},"sourceSize":{"w":109,"h":73}},"holder_3":{"frame":{"x":1134,"y":445,"w":109,"h":73},"rotated":false,"trimmed":false,"spriteSourceSize":{"x":0,"y":0,"w":109,"h":73},"sourceSize":{"w":109,"h":73}},"holder_4":{"frame":{"x":1134,"y":519,"w":109,"h":73},"rotated":false,"trimmed":false,"spriteSourceSize":{"x":0,"y":0,"w":109,"h":73},"sourceSize":{"w":109,"h":73}},"holder_5":{"frame":{"x":1134,"y":593,"w":109,"h":73},"rotated":false,"trimmed":false,"spriteSourceSize":{"x":0,"y":0,"w":109,"h":73},"sourceSize":{"w":109,"h":73}},"holder_6":{"frame":{"x":1134,"y":667,"w":109,"h":73},"rotated":false,"trimmed":false,"spriteSourceSize":{"x":0,"y":0,"w":109,"h":73},"sourceSize":{"w":109,"h":73}},"holder_7":{"frame":{"x":1134,"y":741,"w":109,"h":73},"rotated":false,"trimmed":false,"spriteSourceSize":{"x":0,"y":0,"w":109,"h":73},"sourceSize":{"w":109,"h":73}},"holder_8":{"frame":{"x":1134,"y":815,"w":109,"h":73},"rotated":false,"trimmed":false,"spriteSourceSize":{"x":0,"y":0,"w":109,"h":73},"sourceSize":{"w":109,"h":73}},"holder_9":{"frame":{"x":1134,"y":889,"w":109,"h":73},"rotated":false,"trimmed":false,"spriteSourceSize":{"x":0,"y":0,"w":109,"h":73},"sourceSize":{"w":109,"h":73}},"holder_10":{"frame":{"x":1134,"y":1036,"w":108,"h":72},"rotated":false,"trimmed":false,"spriteSourceSize":{"x":0,"y":0,"w":108,"h":72},"sourceSize":{"w":108,"h":72}},"holder_11":{"frame":{"x":1134,"y":1109,"w":108,"h":72},"rotated":false,"trimmed":false,"spriteSourceSize":{"x":0,"y":0,"w":108,"h":72},"sourceSize":{"w":108,"h":72}},"holder_12":{"frame":{"x":1134,"y":1182,"w":108,"h":72},"rotated":false,"trimmed":false,"spriteSourceSize":{"x":0,"y":0,"w":108,"h":72},"sourceSize":{"w":108,"h":72}},"holder_13":{"frame":{"x":1263,"y":444,"w":108,"h":72},"rotated":false,"trimmed":false,"spriteSourceSize":{"x":0,"y":0,"w":108,"h":72},"sourceSize":{"w":108,"h":72}},"holder_14":{"frame":{"x":1263,"y":517,"w":108,"h":72},"rotated":false,"trimmed":false,"spriteSourceSize":{"x":0,"y":0,"w":108,"h":72},"sourceSize":{"w":108,"h":72}},"holder_15":{"frame":{"x":1263,"y":590,"w":108,"h":72},"rotated":false,"trimmed":false,"spriteSourceSize":{"x":0,"y":0,"w":108,"h":72},"sourceSize":{"w":108,"h":72}},"holder_16":{"frame":{"x":1263,"y":663,"w":108,"h":72},"rotated":false,"trimmed":false,"spriteSourceSize":{"x":0,"y":0,"w":108,"h":72},"sourceSize":{"w":108,"h":72}},"holder_17":{"frame":{"x":1263,"y":736,"w":108,"h":72},"rotated":false,"trimmed":false,"spriteSourceSize":{"x":0,"y":0,"w":108,"h":72},"sourceSize":{"w":108,"h":72}},"holder_18":{"frame":{"x":1263,"y":809,"w":108,"h":72},"rotated":false,"trimmed":false,"spriteSourceSize":{"x":0,"y":0,"w":108,"h":72},"sourceSize":{"w":108,"h":72}},"holder_19":{"frame":{"x":1263,"y":882,"w":108,"h":72},"rotated":false,"trimmed":false,"spriteSourceSize":{"x":0,"y":0,"w":108,"h":72},"sourceSize":{"w":108,"h":72}},"holder_20":{"frame":{"x":1263,"y":955,"w":108,"h":72},"rotated":false,"trimmed":false,"spriteSourceSize":{"x":0,"y":0,"w":108,"h":72},"sourceSize":{"w":108,"h":72}},"holder_21":{"frame":{"x":1263,"y":1028,"w":108,"h":72},"rotated":false,"trimmed":false,"spriteSourceSize":{"x":0,"y":0,"w":108,"h":72},"sourceSize":{"w":108,"h":72}}},"meta":{"app":"https://www.leshylabs.com/apps/sstool/","version":"Leshy SpriteSheet Tool v0.8.4","image":"flags.png","size":{"w":1392,"h":1255},"scale":1}}