{"frames":{"level_locked":{"frame":{"x":0,"y":1405,"w":49,"h":51},"rotated":false,"trimmed":false,"spriteSourceSize":{"x":0,"y":0,"w":49,"h":51},"sourceSize":{"w":49,"h":51}},"level_locked_flag":{"frame":{"x":1288,"y":973,"w":49,"h":69},"rotated":false,"trimmed":false,"spriteSourceSize":{"x":0,"y":0,"w":49,"h":69},"sourceSize":{"w":49,"h":69}},"level_locked_gate":{"frame":{"x":1288,"y":643,"w":57,"h":65},"rotated":false,"trimmed":false,"spriteSourceSize":{"x":0,"y":0,"w":57,"h":65},"sourceSize":{"w":57,"h":65}},"promotion_inner":{"frame":{"x":0,"y":706,"w":407,"h":141},"rotated":false,"trimmed":false,"spriteSourceSize":{"x":0,"y":0,"w":407,"h":141},"sourceSize":{"w":407,"h":141}},"promotion_outer":{"frame":{"x":0,"y":383,"w":413,"h":147},"rotated":false,"trimmed":false,"spriteSourceSize":{"x":0,"y":0,"w":413,"h":147},"sourceSize":{"w":413,"h":147}},"ribbon_green":{"frame":{"x":0,"y":575,"w":412,"h":86},"rotated":false,"trimmed":false,"spriteSourceSize":{"x":0,"y":0,"w":412,"h":86},"sourceSize":{"w":412,"h":86}},"ribbon_red":{"frame":{"x":596,"y":554,"w":221,"h":50},"rotated":false,"trimmed":false,"spriteSourceSize":{"x":0,"y":0,"w":221,"h":50},"sourceSize":{"w":221,"h":50}},"ribbon_red_result":{"frame":{"x":449,"y":1041,"w":345,"h":86},"rotated":false,"trimmed":false,"spriteSourceSize":{"x":0,"y":0,"w":345,"h":86},"sourceSize":{"w":345,"h":86}},"selected_flag":{"frame":{"x":1207,"y":1313,"w":34,"h":34},"rotated":false,"trimmed":false,"spriteSourceSize":{"x":0,"y":0,"w":34,"h":34},"sourceSize":{"w":34,"h":34}},"square_68x68":{"frame":{"x":457,"y":575,"w":70,"h":70},"rotated":false,"trimmed":false,"spriteSourceSize":{"x":0,"y":0,"w":70,"h":70},"sourceSize":{"w":70,"h":70}},"square_68x682":{"frame":{"x":1288,"y":437,"w":68,"h":68},"rotated":false,"trimmed":false,"spriteSourceSize":{"x":0,"y":0,"w":68,"h":68},"sourceSize":{"w":68,"h":68}},"start_dialog_hard":{"frame":{"x":596,"y":0,"w":406,"h":509},"rotated":false,"trimmed":false,"spriteSourceSize":{"x":0,"y":0,"w":406,"h":509},"sourceSize":{"w":406,"h":509}},"torch_handle":{"frame":{"x":898,"y":968,"w":18,"h":28},"rotated":false,"trimmed":false,"spriteSourceSize":{"x":0,"y":0,"w":18,"h":28},"sourceSize":{"w":18,"h":28}},"torch_light":{"frame":{"x":596,"y":649,"w":179,"h":179},"rotated":false,"trimmed":false,"spriteSourceSize":{"x":0,"y":0,"w":179,"h":179},"sourceSize":{"w":179,"h":179}},"Asset 3":{"frame":{"x":1047,"y":611,"w":168,"h":168},"rotated":false,"trimmed":false,"spriteSourceSize":{"x":0,"y":0,"w":168,"h":168},"sourceSize":{"w":168,"h":168}},"Asset 4":{"frame":{"x":820,"y":774,"w":105,"h":29},"rotated":false,"trimmed":false,"spriteSourceSize":{"x":0,"y":0,"w":105,"h":29},"sourceSize":{"w":105,"h":29}},"Asset 8":{"frame":{"x":925,"y":1304,"w":48,"h":35},"rotated":false,"trimmed":false,"spriteSourceSize":{"x":0,"y":0,"w":48,"h":35},"sourceSize":{"w":48,"h":35}},"Asset 9":{"frame":{"x":452,"y":706,"w":91,"h":92},"rotated":false,"trimmed":false,"spriteSourceSize":{"x":0,"y":0,"w":91,"h":92},"sourceSize":{"w":91,"h":92}},"Asset 10":{"frame":{"x":449,"y":1240,"w":277,"h":19},"rotated":false,"trimmed":false,"spriteSourceSize":{"x":0,"y":0,"w":277,"h":19},"sourceSize":{"w":277,"h":19}},"Asset 11":{"frame":{"x":449,"y":1172,"w":281,"h":23},"rotated":false,"trimmed":false,"spriteSourceSize":{"x":0,"y":0,"w":281,"h":23},"sourceSize":{"w":281,"h":23}},"Asset 12":{"frame":{"x":0,"y":230,"w":513,"h":108},"rotated":false,"trimmed":false,"spriteSourceSize":{"x":0,"y":0,"w":513,"h":108},"sourceSize":{"w":513,"h":108}},"Asset 13":{"frame":{"x":449,"y":892,"w":404,"h":104},"rotated":false,"trimmed":false,"spriteSourceSize":{"x":0,"y":0,"w":404,"h":104},"sourceSize":{"w":404,"h":104}},"Asset 14":{"frame":{"x":282,"y":1405,"w":48,"h":48},"rotated":false,"trimmed":false,"spriteSourceSize":{"x":0,"y":0,"w":48,"h":48},"sourceSize":{"w":48,"h":48}},"Asset 15":{"frame":{"x":375,"y":1405,"w":48,"h":48},"rotated":false,"trimmed":false,"spriteSourceSize":{"x":0,"y":0,"w":48,"h":48},"sourceSize":{"w":48,"h":48}},"Asset 16":{"frame":{"x":468,"y":1405,"w":48,"h":48},"rotated":false,"trimmed":false,"spriteSourceSize":{"x":0,"y":0,"w":48,"h":48},"sourceSize":{"w":48,"h":48}},"Asset 17":{"frame":{"x":561,"y":1405,"w":48,"h":48},"rotated":false,"trimmed":false,"spriteSourceSize":{"x":0,"y":0,"w":48,"h":48},"sourceSize":{"w":48,"h":48}},"Asset 18":{"frame":{"x":654,"y":1405,"w":48,"h":48},"rotated":false,"trimmed":false,"spriteSourceSize":{"x":0,"y":0,"w":48,"h":48},"sourceSize":{"w":48,"h":48}},"Asset 19":{"frame":{"x":747,"y":1405,"w":48,"h":48},"rotated":false,"trimmed":false,"spriteSourceSize":{"x":0,"y":0,"w":48,"h":48},"sourceSize":{"w":48,"h":48}},"Asset 20":{"frame":{"x":840,"y":1405,"w":48,"h":48},"rotated":false,"trimmed":false,"spriteSourceSize":{"x":0,"y":0,"w":48,"h":48},"sourceSize":{"w":48,"h":48}},"Asset 21":{"frame":{"x":933,"y":1405,"w":48,"h":48},"rotated":false,"trimmed":false,"spriteSourceSize":{"x":0,"y":0,"w":48,"h":48},"sourceSize":{"w":48,"h":48}},"Asset 22":{"frame":{"x":862,"y":554,"w":61,"h":48},"rotated":false,"trimmed":false,"spriteSourceSize":{"x":0,"y":0,"w":61,"h":48},"sourceSize":{"w":61,"h":48}},"Asset 25":{"frame":{"x":1047,"y":1037,"w":151,"h":151},"rotated":false,"trimmed":false,"spriteSourceSize":{"x":0,"y":0,"w":151,"h":151},"sourceSize":{"w":151,"h":151}},"Asset 26":{"frame":{"x":1026,"y":1405,"w":48,"h":48},"rotated":false,"trimmed":false,"spriteSourceSize":{"x":0,"y":0,"w":48,"h":48},"sourceSize":{"w":48,"h":48}},"Asset 27":{"frame":{"x":1119,"y":1405,"w":48,"h":48},"rotated":false,"trimmed":false,"spriteSourceSize":{"x":0,"y":0,"w":48,"h":48},"sourceSize":{"w":48,"h":48}},"Asset 28":{"frame":{"x":1288,"y":550,"w":61,"h":48},"rotated":false,"trimmed":false,"spriteSourceSize":{"x":0,"y":0,"w":61,"h":48},"sourceSize":{"w":61,"h":48}},"Asset 30":{"frame":{"x":458,"y":383,"w":91,"h":91},"rotated":false,"trimmed":false,"spriteSourceSize":{"x":0,"y":0,"w":91,"h":91},"sourceSize":{"w":91,"h":91}},"Asset 32":{"frame":{"x":1288,"y":161,"w":91,"h":91},"rotated":false,"trimmed":false,"spriteSourceSize":{"x":0,"y":0,"w":91,"h":91},"sourceSize":{"w":91,"h":91}},"Asset 36":{"frame":{"x":1212,"y":1405,"w":48,"h":48},"rotated":false,"trimmed":false,"spriteSourceSize":{"x":0,"y":0,"w":48,"h":48},"sourceSize":{"w":48,"h":48}},"Asset 119":{"frame":{"x":0,"y":116,"w":541,"h":69},"rotated":false,"trimmed":false,"spriteSourceSize":{"x":0,"y":0,"w":541,"h":69},"sourceSize":{"w":541,"h":69}},"avatar_king":{"frame":{"x":1288,"y":297,"w":71,"h":95},"rotated":false,"trimmed":false,"spriteSourceSize":{"x":0,"y":0,"w":71,"h":95},"sourceSize":{"w":71,"h":95}},"background_flag":{"frame":{"x":1047,"y":1233,"w":115,"h":116},"rotated":false,"trimmed":false,"spriteSourceSize":{"x":0,"y":0,"w":115,"h":116},"sourceSize":{"w":115,"h":116}},"background_flag_profile":{"frame":{"x":1047,"y":824,"w":168,"h":168},"rotated":false,"trimmed":false,"spriteSourceSize":{"x":0,"y":0,"w":168,"h":168},"sourceSize":{"w":168,"h":168}},"background_flag_selected":{"frame":{"x":1288,"y":0,"w":115,"h":116},"rotated":false,"trimmed":false,"spriteSourceSize":{"x":0,"y":0,"w":115,"h":116},"sourceSize":{"w":115,"h":116}},"background_turn":{"frame":{"x":449,"y":1304,"w":255,"h":47},"rotated":false,"trimmed":false,"spriteSourceSize":{"x":0,"y":0,"w":255,"h":47},"sourceSize":{"w":255,"h":47}},"btn":{"frame":{"x":749,"y":1304,"w":131,"h":46},"rotated":false,"trimmed":false,"spriteSourceSize":{"x":0,"y":0,"w":131,"h":46},"sourceSize":{"w":131,"h":46}},"button_change_flag":{"frame":{"x":898,"y":892,"w":101,"h":31},"rotated":false,"trimmed":false,"spriteSourceSize":{"x":0,"y":0,"w":101,"h":31},"sourceSize":{"w":101,"h":31}},"button_close":{"frame":{"x":1207,"y":1233,"w":35,"h":35},"rotated":false,"trimmed":false,"spriteSourceSize":{"x":0,"y":0,"w":35,"h":35},"sourceSize":{"w":35,"h":35}},"button_grey":{"frame":{"x":839,"y":1041,"w":160,"h":57},"rotated":false,"trimmed":false,"spriteSourceSize":{"x":0,"y":0,"w":160,"h":57},"sourceSize":{"w":160,"h":57}},"button_menu":{"frame":{"x":1305,"y":1405,"w":48,"h":48},"rotated":false,"trimmed":false,"spriteSourceSize":{"x":0,"y":0,"w":48,"h":48},"sourceSize":{"w":48,"h":48}},"button_shop":{"frame":{"x":1448,"y":0,"w":47,"h":48},"rotated":false,"trimmed":false,"spriteSourceSize":{"x":0,"y":0,"w":47,"h":48},"sourceSize":{"w":47,"h":48}},"button_shop_buy":{"frame":{"x":1047,"y":508,"w":174,"h":58},"rotated":false,"trimmed":false,"spriteSourceSize":{"x":0,"y":0,"w":174,"h":58},"sourceSize":{"w":174,"h":58}},"button_start":{"frame":{"x":820,"y":649,"w":177,"h":80},"rotated":false,"trimmed":false,"spriteSourceSize":{"x":0,"y":0,"w":177,"h":80},"sourceSize":{"w":177,"h":80}},"Chess_play_btn":{"frame":{"x":968,"y":554,"w":34,"h":39},"rotated":false,"trimmed":false,"spriteSourceSize":{"x":0,"y":0,"w":34,"h":39},"sourceSize":{"w":34,"h":39}},"chessmate":{"frame":{"x":0,"y":0,"w":551,"h":71},"rotated":false,"trimmed":false,"spriteSourceSize":{"x":0,"y":0,"w":551,"h":71},"sourceSize":{"w":551,"h":71}},"dialog_window":{"frame":{"x":0,"y":892,"w":404,"h":468},"rotated":false,"trimmed":false,"spriteSourceSize":{"x":0,"y":0,"w":404,"h":468},"sourceSize":{"w":404,"h":468}},"icon_analyzer":{"frame":{"x":1364,"y":1315,"w":27,"h":33},"rotated":false,"trimmed":false,"spriteSourceSize":{"x":0,"y":0,"w":27,"h":33},"sourceSize":{"w":27,"h":33}},"icon_club_analyzer":{"frame":{"x":1288,"y":1315,"w":31,"h":38},"rotated":false,"trimmed":false,"spriteSourceSize":{"x":0,"y":0,"w":31,"h":38},"sourceSize":{"w":31,"h":38}},"icon_club_hint":{"frame":{"x":1448,"y":93,"w":25,"h":38},"rotated":false,"trimmed":false,"spriteSourceSize":{"x":0,"y":0,"w":25,"h":38},"sourceSize":{"w":25,"h":38}},"icon_club_redo":{"frame":{"x":1448,"y":176,"w":22,"h":35},"rotated":false,"trimmed":false,"spriteSourceSize":{"x":0,"y":0,"w":22,"h":35},"sourceSize":{"w":22,"h":35}},"icon_club_undo":{"frame":{"x":1448,"y":256,"w":22,"h":35},"rotated":false,"trimmed":false,"spriteSourceSize":{"x":0,"y":0,"w":22,"h":35},"sourceSize":{"w":22,"h":35}},"icon_hint":{"frame":{"x":1382,"y":1201,"w":21,"h":32},"rotated":false,"trimmed":false,"spriteSourceSize":{"x":0,"y":0,"w":21,"h":32},"sourceSize":{"w":21,"h":32}},"icon_last":{"frame":{"x":1382,"y":1087,"w":20,"h":33},"rotated":false,"trimmed":false,"spriteSourceSize":{"x":0,"y":0,"w":20,"h":33},"sourceSize":{"w":20,"h":33}},"icon_move":{"frame":{"x":771,"y":1240,"w":18,"h":18},"rotated":false,"trimmed":false,"spriteSourceSize":{"x":0,"y":0,"w":18,"h":18},"sourceSize":{"w":18,"h":18}},"icon_next":{"frame":{"x":1382,"y":973,"w":16,"h":33},"rotated":false,"trimmed":false,"spriteSourceSize":{"x":0,"y":0,"w":16,"h":33},"sourceSize":{"w":16,"h":33}},"icon_pawns_black":{"frame":{"x":1047,"y":0,"w":196,"h":209},"rotated":false,"trimmed":false,"spriteSourceSize":{"x":0,"y":0,"w":196,"h":209},"sourceSize":{"w":196,"h":209}},"icon_pawns_white":{"frame":{"x":1047,"y":254,"w":196,"h":209},"rotated":false,"trimmed":false,"spriteSourceSize":{"x":0,"y":0,"w":196,"h":209},"sourceSize":{"w":196,"h":209}},"level_completed":{"frame":{"x":94,"y":1405,"w":49,"h":51},"rotated":false,"trimmed":false,"spriteSourceSize":{"x":0,"y":0,"w":49,"h":51},"sourceSize":{"w":49,"h":51}},"level_completed_flag":{"frame":{"x":1288,"y":1087,"w":49,"h":69},"rotated":false,"trimmed":false,"spriteSourceSize":{"x":0,"y":0,"w":49,"h":69},"sourceSize":{"w":49,"h":69}},"level_completed_gate":{"frame":{"x":1288,"y":753,"w":57,"h":65},"rotated":false,"trimmed":false,"spriteSourceSize":{"x":0,"y":0,"w":57,"h":65},"sourceSize":{"w":57,"h":65}},"level_completed_star":{"frame":{"x":188,"y":1405,"w":49,"h":51},"rotated":false,"trimmed":false,"spriteSourceSize":{"x":0,"y":0,"w":49,"h":51},"sourceSize":{"w":49,"h":51}},"level_completed_star_flag":{"frame":{"x":1288,"y":1201,"w":49,"h":69},"rotated":false,"trimmed":false,"spriteSourceSize":{"x":0,"y":0,"w":49,"h":69},"sourceSize":{"w":49,"h":69}},"level_completed_star_gate":{"frame":{"x":1288,"y":863,"w":57,"h":65},"rotated":false,"trimmed":false,"spriteSourceSize":{"x":0,"y":0,"w":57,"h":65},"sourceSize":{"w":57,"h":65}}},"meta":{"app":"https://www.leshylabs.com/apps/sstool/","version":"Leshy SpriteSheet Tool v0.8.4","image":"spritesheet.png","size":{"w":1495,"h":1456},"scale":1}}